is Elon Musk,created at,source,possibly sensitive,lang,has_text,has_link,has_hashtag,has_at,has_emoji,sentiment,retweet count,reply count,like count,quote count
1,2022-12-12 19:46:04+00:00,Twitter for iPhone,False,und,0,1,0,0,1,2.0,20135,14379,238424,3363
1,2022-12-12 19:36:52+00:00,Twitter for iPhone,False,en,1,1,0,0,0,0.0,27679,9635,118548,1714
1,2022-12-12 14:21:31+00:00,Twitter for iPhone,False,en,1,0,0,0,0,0.8,37603,27237,337208,4261
1,2022-12-12 12:25:32+00:00,Twitter for iPhone,False,en,1,0,0,0,0,0.0,66507,42222,470431,10681
1,2022-12-12 11:24:29+00:00,Twitter for iPhone,False,en,1,0,0,0,0,0.0,10073,6045,138343,522
1,2022-12-11 20:07:59+00:00,Twitter for iPhone,False,en,1,0,0,0,0,0.14375,10787,8838,177412,580
1,2022-12-11 19:47:35+00:00,Twitter for iPhone,False,en,1,0,0,0,1,0.0,21714,32748,294690,2815
1,2022-12-11 18:12:21+00:00,Twitter for iPhone,False,en,1,0,0,0,1,0.625,26533,43077,483190,3719
1,2022-12-11 10:58:17+00:00,Twitter for iPhone,False,en,1,0,0,0,0,0.0,177040,107090,1171613,33034
1,2022-12-11 10:22:45+00:00,Twitter for iPhone,False,en,1,0,0,0,1,0.0,27981,15773,362213,2414
1,2022-12-11 10:19:55+00:00,Twitter for iPhone,False,zxx,0,1,0,0,0,2.0,76713,21295,551580,6042
1,2022-12-11 09:09:55+00:00,Twitter for iPhone,False,en,1,0,0,0,0,0.0,18241,14782,283176,1633
1,2022-12-11 08:50:15+00:00,Twitter for iPhone,False,en,1,0,0,0,0,0.0,15976,7974,172047,1110
1,2022-12-11 08:40:09+00:00,Twitter for iPhone,False,en,1,1,0,0,0,-0.4,6412,3541,75230,455
1,2022-12-11 08:09:37+00:00,Twitter for iPhone,False,en,1,0,0,0,0,0.0,57027,34482,578140,16022
1,2022-12-11 05:35:53+00:00,Twitter for iPhone,False,en,1,1,0,0,0,0.0,33593,12065,172783,1362
1,2022-12-10 20:01:11+00:00,Twitter for iPhone,False,zxx,0,1,0,0,0,2.0,66446,19629,627617,3756
1,2022-12-10 19:56:59+00:00,Twitter for iPhone,False,en,1,0,0,0,0,0.03333333333333333,92806,35197,672088,8261
1,2022-12-10 17:08:54+00:00,Twitter for iPhone,False,zxx,0,1,0,0,0,2.0,4301,2208,70662,181
1,2022-12-10 17:08:02+00:00,Twitter for iPhone,False,en,1,0,0,0,1,0.0,141901,33444,1261566,13047
1,2022-12-10 01:57:36+00:00,Twitter for iPhone,False,en,1,1,0,0,0,0.0,46975,12076,205717,2500
1,2022-12-09 19:32:24+00:00,Twitter for iPhone,False,en,1,0,0,0,0,0.4,37452,24491,309851,3846
1,2022-12-09 18:54:11+00:00,Twitter for iPhone,False,en,1,0,0,0,0,-0.09999999999999999,6061,4061,84249,367
1,2022-12-09 18:43:56+00:00,Twitter for iPhone,False,en,1,0,0,0,0,0.39999999999999997,20425,12080,204483,1629
1,2022-12-09 08:00:28+00:00,Twitter for iPhone,False,en,1,0,0,0,0,0.0,10927,8143,183556,1913
1,2022-12-09 07:58:55+00:00,Twitter for iPhone,False,en,1,0,0,0,0,0.0,34478,16702,398767,7434
1,2022-12-09 05:13:42+00:00,Twitter for iPhone,False,en,1,1,0,0,0,-0.5,17097,4179,232024,991
1,2022-12-09 04:24:22+00:00,Twitter for iPhone,False,en,1,0,0,0,0,0.0,38796,24195,362308,3465
1,2022-12-09 02:32:43+00:00,Twitter for iPhone,False,en,1,0,0,0,0,0.225,65191,26345,522043,8287
1,2022-12-09 01:05:14+00:00,Twitter for iPhone,False,fr,1,1,0,0,1,0.0,41303,13373,214808,2375
1,2022-12-08 17:17:49+00:00,Twitter for iPhone,False,en,1,1,0,0,0,0.0,4513,4931,164729,474
1,2022-12-08 17:17:01+00:00,Twitter for iPhone,False,en,1,1,0,0,0,0.85,11002,13029,347884,1597
1,2022-12-08 09:44:29+00:00,Twitter for iPhone,False,en,1,1,0,0,0,0.0,17408,14342,188807,1974
1,2022-12-07 10:36:28+00:00,Twitter for iPhone,False,en,1,1,0,0,0,0.1,9917,9806,122586,773
1,2022-12-07 02:40:08+00:00,Twitter for iPhone,False,en,1,0,0,0,0,0.25,27803,24383,326596,1851
1,2022-12-05 18:59:37+00:00,Twitter for iPhone,False,en,1,0,0,0,0,0.5625,31475,46669,530331,4621
1,2022-12-05 07:48:57+00:00,Twitter for iPhone,False,et,1,0,0,0,0,0.0,6486,5270,119923,365
1,2022-12-05 07:48:11+00:00,Twitter for iPhone,False,en,1,1,0,0,0,0.0,29824,26234,363042,5765
1,2022-12-04 12:39:43+00:00,Twitter for iPhone,False,en,1,0,0,0,0,0.4875,18543,17458,221294,1768
1,2022-12-04 08:53:09+00:00,Twitter for iPhone,False,en,1,1,0,0,0,0.0,32341,30946,492527,3385
1,2022-12-04 04:35:56+00:00,Twitter for iPhone,False,en,1,0,0,0,0,0.14761904761904765,31190,17949,331080,2453
1,2022-12-04 04:28:20+00:00,Twitter for iPhone,False,en,1,1,0,0,0,0.0,9341,7464,109617,1043
1,2022-12-04 04:25:04+00:00,Twitter for iPhone,False,en,1,1,0,0,0,1.0,9589,3417,102712,431
1,2022-12-04 04:00:02+00:00,Twitter for iPhone,False,en,1,0,0,0,0,0.0,9172,7006,136712,853
1,2022-12-04 02:24:26+00:00,Twitter for iPhone,False,en,1,0,0,0,0,0.17348484848484846,20468,13468,290952,1256
1,2022-12-04 02:09:31+00:00,Twitter for iPhone,False,en,1,0,0,0,0,0.0,59693,40109,178188,7277
1,2022-12-04 00:53:00+00:00,Twitter for iPhone,False,en,1,0,0,0,0,0.0,37378,18517,582790,2280
1,2022-12-03 21:47:42+00:00,Twitter for iPhone,False,en,1,0,0,0,0,-0.6999999999999998,11802,6620,185582,896
1,2022-12-03 10:36:59+00:00,Twitter for iPhone,False,en,1,1,0,0,0,0.0,43667,16022,529957,2148
1,2022-12-03 02:19:07+00:00,Twitter for iPhone,False,en,1,0,0,0,0,0.0,67527,38198,647841,5807
1,2022-12-02 23:44:15+00:00,Twitter for iPhone,False,en,1,1,0,0,1,0.0,91211,26855,410149,8735
1,2022-12-02 22:21:25+00:00,Twitter for iPhone,False,en,1,0,0,0,0,0.13636363636363635,27154,34997,275816,4376
1,2022-12-02 20:48:55+00:00,Twitter for iPhone,False,en,1,0,0,0,1,1.0,15115,6515,238971,679
1,2022-12-02 20:39:24+00:00,Twitter for iPhone,False,en,1,0,0,0,0,0.25,107395,57132,727680,16437
1,2022-12-02 20:08:44+00:00,Twitter for iPhone,False,en,1,0,0,0,0,0.0,7913,23117,109047,1148
1,2022-12-02 20:07:37+00:00,Twitter for iPhone,False,en,1,0,0,0,0,0.04999999999999999,2103,2114,37155,109
1,2022-12-02 20:06:20+00:00,Twitter for iPhone,False,en,1,0,0,0,0,-0.09479166666666666,9067,12545,70850,1184
1,2022-12-02 19:46:45+00:00,Twitter for iPhone,False,en,1,0,0,0,0,0.03333333333333333,19453,9460,241231,1284
1,2022-12-02 19:17:52+00:00,Twitter for iPhone,False,en,1,0,0,0,0,-1.0,7278,3862,87159,432
1,2022-12-02 18:53:08+00:00,Twitter for iPhone,False,en,1,1,0,0,0,-0.20260416666666667,13487,11134,127107,2413
1,2022-12-02 16:41:04+00:00,Twitter for iPhone,False,en,1,0,0,0,1,0.19795918367346937,42438,33296,511595,5611
1,2022-12-02 05:23:24+00:00,Twitter for iPhone,False,ht,1,0,0,0,0,0.0,14382,20790,199655,4008
1,2022-12-02 01:02:54+00:00,Twitter for iPhone,False,en,1,1,0,0,0,0.0,8437,7212,102881,733
1,2022-12-02 00:42:50+00:00,Twitter for iPhone,False,en,1,1,0,0,0,0.13636363636363635,4184,3336,53461,255
1,2022-12-01 20:55:14+00:00,Twitter for iPhone,False,en,1,1,0,0,1,0.0,83592,13373,723295,7781
1,2022-12-01 20:31:11+00:00,Twitter for iPhone,False,en,1,1,0,0,0,0.7,6336,5580,60002,597
1,2022-12-01 18:18:59+00:00,Twitter for iPhone,False,en,1,0,0,0,0,0.25,48898,131792,611482,11799
1,2022-12-01 16:58:25+00:00,Twitter for iPhone,False,en,1,0,0,0,1,0.0,6136,4966,83124,457
1,2022-12-01 15:24:45+00:00,Twitter for iPhone,False,en,1,0,0,0,0,0.2619047619047619,13973,9736,159235,1488
1,2022-12-01 03:32:07+00:00,Twitter for iPhone,False,en,1,0,0,0,0,0.2857142857142857,69366,55196,706936,13887
1,2022-12-01 01:30:26+00:00,Twitter for iPhone,False,en,1,1,0,0,0,0.375,4703,6270,56838,659
1,2022-11-30 23:05:59+00:00,Twitter for iPhone,False,en,1,0,0,0,0,0.16874999999999998,34414,23716,444090,5110
1,2022-11-30 20:26:14+00:00,Twitter for iPhone,False,en,1,1,0,0,0,0.525,26437,20898,450017,4241
1,2022-11-30 15:54:33+00:00,Twitter for iPhone,False,en,1,0,0,0,0,0.0,8828,7864,112002,1423
1,2022-11-30 08:13:06+00:00,Twitter for iPhone,False,en,1,1,0,0,0,0.0,2773,2747,38515,392
1,2022-11-30 05:45:48+00:00,Twitter for iPhone,False,en,1,0,0,0,0,0.0,21019,18593,328178,2188
1,2022-11-29 23:31:45+00:00,Twitter for iPhone,False,en,1,1,0,0,0,0.15625,10785,10510,142807,762
1,2022-11-29 18:43:30+00:00,Twitter for iPhone,False,en,1,0,0,0,0,0.0,8595,9303,124304,678
1,2022-11-29 18:34:00+00:00,Twitter for iPhone,False,en,1,0,0,0,0,0.32857142857142857,4533,3371,84906,249
1,2022-11-29 01:41:40+00:00,Twitter for iPhone,False,en,1,0,0,0,0,0.2,146634,88143,923812,17095
1,2022-11-28 21:09:07+00:00,Twitter for iPhone,False,en,1,0,0,0,0,0.20000000000000004,132334,48752,855952,15280
1,2022-11-28 18:50:40+00:00,Twitter for iPhone,False,en,1,1,0,0,0,-0.4,44269,34765,260753,7265
1,2022-11-28 18:43:20+00:00,Twitter for iPhone,False,en,1,0,0,0,0,0.0,77514,90077,670492,17128
1,2022-11-28 18:26:17+00:00,Twitter for iPhone,False,en,1,0,0,0,0,0.0,37109,22181,189698,3289
1,2022-11-28 18:18:40+00:00,Twitter for iPhone,False,en,1,1,0,0,0,0.4000000000000001,25642,7225,225651,1161
1,2022-11-28 18:07:57+00:00,Twitter for iPhone,False,en,1,1,0,0,0,0.0,21911,10144,150088,1158
1,2022-11-28 18:04:47+00:00,Twitter for iPhone,False,en,1,0,0,0,0,0.0,20940,17719,285480,1994
1,2022-11-28 17:45:31+00:00,Twitter for iPhone,False,en,1,0,0,0,0,0.033333333333333326,66228,97041,639450,16774
1,2022-11-28 17:25:21+00:00,Twitter for iPhone,False,zxx,0,1,0,0,0,2.0,16287,8161,160998,1214
1,2022-11-28 17:04:44+00:00,Twitter for iPhone,False,und,1,0,0,0,0,0.0,4325,3260,100770,177
1,2022-11-28 16:51:44+00:00,Twitter for iPhone,False,en,1,0,0,0,0,0.0,6405,6552,153943,684
1,2022-11-28 10:59:40+00:00,Twitter for iPhone,False,zxx,0,1,0,0,0,2.0,17381,10303,174083,2246
1,2022-11-28 10:09:22+00:00,Twitter for iPhone,False,zxx,0,1,0,0,0,2.0,52808,30524,477510,6030
1,2022-11-28 09:59:50+00:00,Twitter for iPhone,False,en,1,0,0,0,0,0.025,7655,12099,241483,626
1,2022-11-28 09:48:26+00:00,Twitter for iPhone,False,en,1,1,0,0,0,0.0,58302,90903,896806,29148
1,2022-11-28 09:44:01+00:00,Twitter for iPhone,False,en,1,0,0,0,0,-0.09507575757575755,14754,9713,186304,1297
1,2022-11-28 01:00:23+00:00,Twitter for iPhone,False,en,1,0,0,0,0,0.16666666666666669,17173,12218,242144,1407
1,2022-11-27 20:19:47+00:00,Twitter for iPhone,False,en,1,0,0,0,0,0.5,7068,9097,165543,810
1,2022-11-27 19:00:41+00:00,Twitter for iPhone,False,en,1,0,0,0,0,-0.125,29787,26909,323744,3639
1,2022-11-27 04:13:34+00:00,Twitter for iPhone,False,en,1,1,0,0,0,0.0,24260,18686,251802,5102
1,2022-11-27 04:03:10+00:00,Twitter for iPhone,False,en,1,1,0,0,0,0.0,12982,8890,162056,944
1,2022-11-27 03:15:33+00:00,Twitter for iPhone,False,en,1,0,0,0,0,0.0,21727,24930,370888,2347
1,2022-11-26 21:44:45+00:00,Twitter for iPhone,False,en,1,1,0,0,0,1.0,12066,8297,193159,949
1,2022-11-26 08:56:57+00:00,Twitter for iPhone,False,en,1,1,0,0,0,0.0,20281,12112,288835,1494
1,2022-11-25 09:26:55+00:00,Twitter for iPhone,False,en,1,0,0,0,0,0.0,17803,106666,244684,6792
1,2022-11-25 01:42:19+00:00,Twitter for iPhone,False,en,1,1,0,0,0,0.5,12923,16632,266567,2117
1,2022-11-24 19:58:39+00:00,Twitter for iPhone,False,en,1,0,0,0,0,0.0,34062,22967,297460,11520
1,2022-11-24 07:42:00+00:00,Twitter for iPhone,False,en,1,0,0,0,0,0.165625,16954,16780,257919,1649
1,2022-11-24 07:34:46+00:00,Twitter for iPhone,False,en,1,0,0,0,0,0.2760416666666667,13126,11805,175905,2606
1,2022-11-24 05:39:13+00:00,Twitter for iPhone,False,en,1,0,0,0,0,0.0,8292,6126,155110,1244
1,2022-11-24 05:13:58+00:00,Twitter for iPhone,False,en,1,0,0,0,1,-0.16666666666666666,5130,4444,103826,427
1,2022-11-24 04:07:18+00:00,Twitter for iPhone,False,en,1,1,0,0,0,-0.49722222222222223,21276,18353,263068,4132
1,2022-11-24 01:26:07+00:00,Twitter for iPhone,False,en,1,0,0,0,1,1.0,40828,42758,632758,2926
1,2022-11-23 21:50:48+00:00,Twitter for iPhone,False,en,1,1,0,0,0,0.5852272727272727,47692,32858,558576,6847
1,2022-11-23 19:51:48+00:00,Twitter for iPhone,False,en,1,0,0,0,0,0.4,23121,10945,357607,1980
1,2022-11-23 17:46:29+00:00,Twitter for iPhone,False,en,1,0,0,0,0,0.125,59959,61880,266806,17187
1,2022-11-23 10:06:41+00:00,Twitter for iPhone,False,en,1,0,0,0,0,0.5,32114,32972,379977,3408
1,2022-11-23 10:00:42+00:00,Twitter for iPhone,False,en,1,0,0,0,0,0.8,11859,13783,158067,1578
1,2022-11-23 08:50:48+00:00,Twitter for iPhone,False,en,1,0,0,0,0,1.0,18062,159580,281442,11724
1,2022-11-23 08:10:07+00:00,Twitter for iPhone,False,zxx,0,1,0,0,0,2.0,3401,3228,39001,506
1,2022-11-23 03:06:02+00:00,Twitter for iPhone,False,en,1,0,0,0,1,0.0,7930,12220,155266,1131
1,2022-11-23 03:00:12+00:00,Twitter for iPhone,False,en,1,1,0,0,1,0.0,89792,79798,646507,18627
1,2022-11-23 00:07:54+00:00,Twitter for iPhone,False,en,1,0,0,0,0,0.0,69819,69634,982272,12937
1,2022-11-22 07:54:03+00:00,Twitter for iPhone,False,en,1,0,0,0,0,0.0,33086,68575,684653,7816
1,2022-11-22 07:34:10+00:00,Twitter for iPhone,False,en,1,0,0,0,0,0.06666666666666667,4800,3348,84348,243
1,2022-11-22 01:31:08+00:00,Twitter for iPhone,False,en,1,0,0,0,0,0.0,9389,11913,161987,1125
1,2022-11-22 01:28:00+00:00,Twitter for iPhone,False,en,1,1,0,0,0,-0.055833333333333325,31141,23401,385212,4175
1,2022-11-22 01:11:15+00:00,Twitter for iPhone,False,en,1,0,0,0,0,0.05333333333333334,15116,26239,242449,4375
1,2022-11-21 23:29:28+00:00,Twitter for iPhone,False,en,1,1,0,0,0,0.16,6900,6380,89316,448
1,2022-11-21 23:02:29+00:00,Twitter for iPhone,False,en,1,1,0,0,0,0.6,3493,3514,43846,287
1,2022-11-21 20:22:43+00:00,Twitter for iPhone,False,en,1,0,0,0,0,0.0,16191,11421,169910,1310
1,2022-11-21 19:22:25+00:00,Twitter for iPhone,False,en,1,0,0,0,0,0.0,10696,10491,125933,1567
1,2022-11-21 18:41:22+00:00,Twitter for iPhone,False,tl,1,0,0,0,1,0.0,15297,15005,212323,2846
1,2022-11-21 18:20:47+00:00,Twitter for iPhone,False,en,1,0,0,0,0,-0.125,25626,25806,361010,3230
1,2022-11-21 17:56:15+00:00,Twitter for iPhone,False,en,1,0,0,0,1,0.3,44006,47371,616031,6416
1,2022-11-21 01:55:54+00:00,Twitter for iPhone,False,en,1,1,0,0,0,0.5,35976,23484,480509,4518
1,2022-11-21 01:19:15+00:00,Twitter for iPhone,False,en,1,1,0,0,0,0.0,93623,71798,1097532,26740
1,2022-11-20 22:21:31+00:00,Twitter for iPhone,False,en,1,1,0,0,0,0.0,13875,8059,131596,1727
1,2022-11-20 14:40:09+00:00,Twitter for iPhone,False,en,1,0,0,0,0,0.55,31494,27328,493944,3157
1,2022-11-20 04:50:20+00:00,Twitter for iPhone,False,en,1,0,0,0,0,0.1,114139,91738,1448825,22354
1,2022-11-20 00:53:25+00:00,Twitter for iPhone,False,en,1,1,0,0,0,0.0,127699,136785,962078,40671
1,2022-11-19 23:07:08+00:00,Twitter for iPhone,False,en,1,0,0,0,0,0.0,13256,17020,273003,1631
1,2022-11-19 21:19:48+00:00,Twitter for iPhone,False,en,1,0,0,0,0,0.375,10501,12988,173317,1850
1,2022-11-19 13:23:21+00:00,Twitter for iPhone,False,en,1,0,0,0,0,0.875,24113,40991,456166,3371
1,2022-11-19 09:37:51+00:00,Twitter for iPhone,False,en,1,0,0,0,0,-0.1,6761,8018,119965,596
1,2022-11-19 09:28:36+00:00,Twitter for iPhone,False,en,1,1,0,0,0,0.0,36907,32178,463357,16203
1,2022-11-19 09:05:35+00:00,Twitter for iPhone,False,en,1,0,0,0,0,0.0,37530,46053,616796,4084
1,2022-11-19 00:53:47+00:00,Twitter for iPhone,False,pt,1,0,0,0,0,0.0,22842,27568,317119,4615
1,2022-11-19 00:47:45+00:00,Twitter for iPhone,False,en,1,0,0,0,0,0.0,230059,221645,837571,77560
1,2022-11-18 22:07:39+00:00,Twitter for iPhone,False,en,1,0,0,0,0,0.65625,54677,32425,615731,8664
1,2022-11-18 18:38:38+00:00,Twitter for iPhone,False,en,1,0,0,0,0,0.1,7555,8852,134067,888
1,2022-11-18 18:33:48+00:00,Twitter for iPhone,False,en,1,0,0,0,0,0.0,20785,38832,270287,6865
1,2022-11-18 18:31:47+00:00,Twitter for iPhone,False,en,1,0,0,0,0,0.0037878787878787845,42449,47429,414653,20306
1,2022-11-18 18:22:01+00:00,Twitter for iPhone,False,en,1,0,0,0,0,0.0,24117,23652,383359,3980
1,2022-11-18 17:38:07+00:00,Twitter for iPhone,False,en,1,0,0,0,0,0.0,32058,317377,515029,35686
1,2022-11-18 15:16:30+00:00,Twitter for iPhone,False,zxx,0,1,0,0,0,2.0,100197,34492,791644,7452
1,2022-11-18 06:40:12+00:00,Twitter for iPhone,False,zxx,0,1,0,0,0,2.0,23477,18839,342225,6008
1,2022-11-18 04:23:16+00:00,Twitter for iPhone,False,zxx,0,1,0,0,0,2.0,234139,71751,2133353,171888
1,2022-11-18 04:20:14+00:00,Twitter for iPhone,False,qst,0,0,0,0,1,2.0,34561,39894,540130,22147
1,2022-11-18 04:12:21+00:00,Twitter for iPhone,False,en,1,0,0,0,0,0.0,9210,11914,230188,3118
1,2022-11-18 04:07:05+00:00,Twitter for iPhone,False,en,1,0,0,0,0,0.48000000000000004,46813,47802,720083,27564
1,2022-11-18 01:25:55+00:00,Twitter for iPhone,False,en,1,0,0,0,0,-0.0007936507936508,26362,41843,458261,11921
1,2022-11-17 15:26:13+00:00,Twitter for iPhone,False,en,1,0,0,0,0,0.0,31549,37032,402005,5612
1,2022-11-17 15:15:23+00:00,Twitter for iPhone,False,en,1,0,0,0,0,0.5166666666666666,3598,2777,60318,293
1,2022-11-17 08:37:59+00:00,Twitter for iPhone,False,en,1,0,0,0,0,0.8,5547,5638,133067,975
1,2022-11-17 08:35:22+00:00,Twitter for iPhone,False,en,1,0,0,0,0,0.45,28366,19131,315736,2765
1,2022-11-15 23:18:02+00:00,Twitter for iPhone,False,en,1,0,0,0,0,0.16666666666666666,15010,24969,223885,3567
1,2022-11-15 20:43:17+00:00,Twitter for iPhone,False,en,1,0,0,0,0,-0.04999999999999999,20723,19757,467803,3864
1,2022-11-15 20:40:54+00:00,Twitter for iPhone,False,en,1,1,0,0,0,0.0,48491,33802,760738,12919
1,2022-11-15 09:35:35+00:00,Twitter for iPhone,False,en,1,0,0,0,0,0.0,20732,21166,256139,2465
1,2022-11-15 09:19:19+00:00,Twitter for iPhone,False,en,1,0,0,0,0,0.0,30799,28742,425646,3438
1,2022-11-14 20:32:17+00:00,Twitter for iPhone,False,qst,1,1,0,0,0,0.0,3146,6078,42228,367
1,2022-11-14 18:49:43+00:00,Twitter for iPhone,False,en,1,1,0,0,0,0.1,8280,12329,133193,2107
1,2022-11-13 18:00:58+00:00,Twitter for iPhone,False,en,1,0,0,0,0,0.008333333333333304,11079,24320,174217,3654
1,2022-11-13 17:52:01+00:00,Twitter for iPhone,False,en,1,0,0,0,0,-0.0625,17548,17580,232645,4441
1,2022-11-13 17:16:52+00:00,Twitter for iPhone,False,en,1,0,0,0,0,0.1,34628,51445,565693,9203
1,2022-11-12 23:31:02+00:00,Twitter for iPhone,False,en,1,1,0,0,0,0.0,6195,10688,76450,769
1,2022-11-12 07:36:39+00:00,Twitter for iPhone,False,art,0,0,0,0,1,2.0,28525,32641,443102,7892
1,2022-11-12 07:04:19+00:00,Twitter for iPhone,False,en,1,0,0,0,0,0.0,12097,20793,100434,2341
1,2022-11-12 06:14:13+00:00,Twitter for iPhone,False,en,1,0,0,0,0,0.0,19611,13850,218090,1979
1,2022-11-11 23:15:38+00:00,Twitter for iPhone,False,en,1,0,0,0,0,0.0,3628,6997,71662,1699
1,2022-11-11 18:05:52+00:00,Twitter for iPhone,False,en,1,0,0,0,0,0.45000000000000007,20732,10447,177328,2291
1,2022-11-11 17:52:04+00:00,Twitter for iPhone,False,en,1,0,0,0,0,0.0,2158,2996,48308,181
1,2022-11-11 17:30:16+00:00,Twitter for iPhone,False,en,1,0,0,0,0,0.0,50128,38760,382746,10096
1,2022-11-11 16:14:45+00:00,Twitter for iPhone,False,en,1,1,0,0,0,0.5,12843,9257,172624,2076
1,2022-11-11 08:34:25+00:00,Twitter for iPhone,False,en,1,0,0,0,0,0.013333333333333336,8243,9852,164570,1620
1,2022-11-11 07:42:42+00:00,Twitter for iPhone,False,en,1,0,0,0,1,0.25,3167,4974,78002,990
1,2022-11-11 07:30:42+00:00,Twitter for iPhone,False,en,1,0,0,0,0,0.0,10265,14627,216679,1502
1,2022-11-11 01:56:34+00:00,Twitter for iPhone,False,en,1,0,0,0,0,0.21666666666666667,11269,17795,187441,5413
1,2022-11-11 01:51:49+00:00,Twitter for iPhone,False,en,1,0,0,0,0,0.0,28622,43814,357390,21366
1,2022-11-10 19:15:51+00:00,Twitter for iPhone,False,en,1,0,0,0,0,-0.25,29420,34379,442069,5043
1,2022-11-10 17:17:22+00:00,Twitter for iPhone,False,en,1,0,0,0,1,0.5,108585,82774,1326111,29200
1,2022-11-10 16:41:54+00:00,Twitter for iPhone,False,zxx,0,1,0,0,0,2.0,19746,20085,323032,2512
1,2022-11-10 07:47:53+00:00,Twitter for iPhone,False,en,1,0,0,0,0,0.1,9069,33896,82712,3975
1,2022-11-09 16:44:47+00:00,Twitter for iPhone,False,en,1,0,0,0,0,-0.375,40072,40575,535093,13134
1,2022-11-09 16:40:53+00:00,Twitter for iPhone,False,en,1,0,0,0,0,-0.375,25138,106707,368371,5069
1,2022-11-08 15:32:13+00:00,Twitter for iPhone,False,en,1,0,0,0,0,1.0,46179,51109,647004,8413
1,2022-11-08 01:28:07+00:00,Twitter for iPhone,False,zxx,0,1,0,0,0,2.0,48162,46838,686980,9660
1,2022-11-08 01:00:27+00:00,Twitter for iPhone,False,en,1,0,0,0,0,0.0,10774,10361,245514,1076
1,2022-11-08 00:57:29+00:00,Twitter for iPhone,False,en,1,0,0,0,0,0.48000000000000004,46334,48253,709773,8435
1,2022-11-07 21:23:55+00:00,Twitter for iPhone,False,en,1,0,0,0,0,0.0,4818,17043,108478,1244
1,2022-11-07 20:50:47+00:00,Twitter for iPhone,False,en,1,0,0,0,0,0.020000000000000004,27768,46993,367932,5890
1,2022-11-07 15:40:42+00:00,Twitter for iPhone,False,en,1,0,0,0,0,-0.041666666666666664,12909,13673,169937,1792
1,2022-11-07 15:22:16+00:00,Twitter for iPhone,False,en,1,0,0,0,0,-1.0,58154,100842,413140,29731
1,2022-11-07 15:06:47+00:00,Twitter for iPhone,False,en,1,0,0,0,1,0.0,3436,5901,79979,608
1,2022-11-07 15:03:25+00:00,Twitter for iPhone,False,en,1,0,0,0,0,0.1,5236,4054,119077,491
1,2022-11-07 14:52:44+00:00,Twitter for iPhone,False,en,1,1,0,0,0,0.0,25652,16765,339320,3786
1,2022-11-07 13:22:14+00:00,Twitter for iPhone,False,en,1,1,0,0,0,0.0,15165,13389,104687,2379
1,2022-11-07 00:30:30+00:00,Twitter for iPhone,False,en,1,0,0,0,0,0.125,28793,39369,396420,6677
1,2022-11-07 00:25:19+00:00,Twitter for iPhone,False,en,1,0,0,0,0,0.3333333333333333,69612,78220,761578,20633
1,2022-11-06 23:43:30+00:00,Twitter for iPhone,False,en,1,0,0,0,0,0.0,27289,31012,298332,7551
1,2022-11-06 23:35:57+00:00,Twitter for iPhone,False,en,1,0,0,0,0,0.0,10218,11862,141893,6575
1,2022-11-06 23:16:06+00:00,Twitter for iPhone,False,en,1,0,0,0,0,-0.022222222222222213,12386,7298,162363,1929
1,2022-11-06 22:53:42+00:00,Twitter for iPhone,False,en,1,0,0,0,0,0.25,68091,86124,647368,57561
1,2022-11-05 22:31:00+00:00,Twitter for iPhone,False,en,1,0,0,0,0,0.5,15780,19528,263129,2391
1,2022-11-05 21:42:25+00:00,Twitter for iPhone,False,en,1,0,0,0,0,0.0,13630,8908,217809,3419
1,2022-11-05 21:39:56+00:00,Twitter for iPhone,False,en,1,0,0,0,0,0.0,49875,34945,603713,16311
1,2022-11-05 20:30:08+00:00,Twitter for iPhone,False,en,1,1,0,0,0,0.0,13204,12851,231139,1890
1,2022-11-05 17:26:42+00:00,Twitter for iPhone,False,zxx,0,1,0,0,0,2.0,12766,8805,151068,1343
1,2022-11-05 04:30:55+00:00,Twitter for iPhone,False,en,1,0,0,0,0,0.0,95227,110403,1361308,29233
1,2022-11-05 03:45:01+00:00,Twitter for iPhone,False,en,1,0,0,0,1,0.0,68138,52899,714063,10791
1,2022-11-04 23:14:54+00:00,Twitter for iPhone,False,en,1,0,0,0,0,0.06666666666666667,45784,39119,517086,8129
1,2022-11-04 22:54:50+00:00,Twitter for iPhone,False,en,1,0,0,0,0,0.14666666666666667,25604,30837,289515,4711
1,2022-11-04 22:38:28+00:00,Twitter for iPhone,False,en,1,1,0,0,0,1.0,4574,6404,53603,593
1,2022-11-04 14:28:20+00:00,Twitter for iPhone,False,en,1,0,0,0,0,0.010937500000000003,90302,142270,698920,40273
1,2022-11-04 05:10:27+00:00,Twitter for iPhone,False,en,1,0,0,0,0,0.11666666666666665,10202,14227,163367,1555
1,2022-11-04 04:45:15+00:00,Twitter for iPhone,False,en,1,0,0,0,0,0.0,39852,39314,477361,7393
1,2022-11-03 08:35:20+00:00,Twitter for iPhone,False,en,1,0,0,0,0,0.0,20424,36585,358458,5530
1,2022-11-03 08:23:10+00:00,Twitter for iPhone,False,en,1,0,0,0,0,0.0,4635,6247,119215,386
1,2022-11-03 08:13:41+00:00,Twitter for iPhone,False,en,1,0,0,0,0,0.0,14966,24018,217901,5984
1,2022-11-03 06:48:24+00:00,Twitter for iPhone,False,art,0,1,0,0,1,2.0,12758,9149,165221,822
1,2022-11-02 21:43:59+00:00,Twitter for iPhone,False,und,0,1,0,0,1,2.0,35274,40658,448318,9479
1,2022-11-02 21:04:56+00:00,Twitter for iPhone,False,zxx,0,1,0,0,0,2.0,36932,21115,460854,5685
1,2022-11-02 20:09:41+00:00,Twitter for iPhone,False,en,1,0,0,0,0,0.0,30063,42818,177813,6091
1,2022-11-02 19:47:39+00:00,Twitter for iPhone,False,zxx,0,1,0,0,0,2.0,178410,76055,1882464,65749
1,2022-11-02 18:42:40+00:00,Twitter for iPhone,False,en,1,0,0,0,0,0.3214285714285714,43910,35337,620132,5634
1,2022-11-02 18:27:00+00:00,Twitter for iPhone,False,en,1,0,0,0,0,0.32857142857142857,46237,48849,758377,11435
1,2022-11-02 17:05:26+00:00,Twitter for iPhone,False,en,1,0,0,0,0,0.0,50523,56346,753350,14591
1,2022-11-02 02:23:07+00:00,Twitter for iPhone,False,en,1,0,0,0,0,0.0,16205,17826,232017,2899
1,2022-11-02 02:13:56+00:00,Twitter for iPhone,False,en,1,1,0,0,0,0.0,11434,8481,172324,1766
1,2022-11-02 02:06:16+00:00,Twitter for iPhone,False,en,1,0,0,0,0,0.0,85354,81698,1099742,30560
1,2022-11-01 19:31:15+00:00,Twitter for iPhone,False,en,1,0,0,0,0,-0.15,5546,5802,98933,1398
1,2022-11-01 19:15:19+00:00,Twitter for iPhone,False,zxx,0,1,0,0,0,2.0,29433,34027,505661,7146
1,2022-11-01 18:03:55+00:00,Twitter for iPhone,False,en,1,0,0,0,0,0.0,10476,6508,168848,3043
1,2022-11-01 17:43:37+00:00,Twitter for iPhone,False,en,1,0,0,0,0,0.25,6804,3355,109848,1021
1,2022-11-01 17:41:23+00:00,Twitter for iPhone,False,en,1,0,0,0,0,0.07083333333333333,9585,8405,131675,7138
1,2022-11-01 17:38:18+00:00,Twitter for iPhone,False,en,1,0,0,0,0,0.0,7502,3950,116845,1893
1,2022-11-01 17:36:48+00:00,Twitter for iPhone,False,en,1,0,0,0,0,0.0,67496,76082,606394,49734
1,2022-11-01 13:54:13+00:00,Twitter for iPhone,False,en,1,1,0,0,0,0.0,11506,8515,144936,861
1,2022-11-01 13:15:20+00:00,Twitter for iPhone,False,en,1,1,0,0,0,-0.2,3568,3442,53774,260
1,2022-11-01 05:34:22+00:00,Twitter for iPhone,False,zxx,0,1,0,0,0,2.0,10073,10957,307859,2282
1,2022-11-01 04:17:24+00:00,Twitter for iPhone,False,und,0,1,0,0,1,2.0,72377,35104,1011826,8025
1,2022-11-01 04:15:02+00:00,Twitter for iPhone,False,en,1,1,0,0,0,0.0,48341,38500,1122097,6994
1,2022-10-31 17:10:05+00:00,Twitter for iPhone,False,en,1,0,0,0,0,0.0,59034,72610,948452,7111
1,2022-10-31 03:11:41+00:00,Twitter for iPhone,False,en,1,0,0,0,0,0.0,27162,32715,249033,10380
1,2022-10-31 01:00:53+00:00,Twitter for iPhone,False,en,1,1,0,0,0,0.5,45202,15530,286867,4606
1,2022-10-31 00:04:28+00:00,Twitter for iPhone,False,en,1,1,0,0,0,-0.1647727272727273,74512,42685,692170,10092
1,2022-10-30 11:48:04+00:00,Twitter for iPhone,False,en,1,0,0,0,0,0.0,4999,5518,181500,338
1,2022-10-30 11:42:56+00:00,Twitter for iPhone,False,en,1,0,0,0,0,0.25,6477,5614,190634,308
1,2022-10-30 11:25:19+00:00,Twitter for iPhone,False,en,1,1,0,0,1,0.1,37046,39980,527826,5972
1,2022-10-29 17:36:31+00:00,Twitter for iPhone,False,qht,0,0,1,1,0,2.0,6132,5720,153998,381
1,2022-10-29 17:35:45+00:00,Twitter for iPhone,False,en,1,0,1,1,0,0.37500000000000006,52109,41770,684241,7357
1,2022-10-29 17:33:16+00:00,Twitter for iPhone,False,en,1,0,0,0,0,0.55,32915,29912,526220,5004
1,2022-10-29 00:14:33+00:00,Twitter for iPhone,False,en,1,1,0,0,0,0.21666666666666667,21887,41732,247193,4018
1,2022-10-28 21:33:03+00:00,Twitter for iPhone,False,en,1,1,0,0,1,0.0,62298,36664,665980,13260
1,2022-10-28 21:16:42+00:00,Twitter for iPhone,False,en,1,0,0,0,0,0.2,252841,92236,2377066,40826
1,2022-10-28 18:18:55+00:00,Twitter for iPhone,False,en,1,0,0,0,0,-0.065625,57367,51351,609356,14863
1,2022-10-28 12:09:02+00:00,Twitter for iPhone,False,en,1,0,0,0,1,0.7,88499,47074,985973,7890
1,2022-10-28 03:49:11+00:00,Twitter for iPhone,False,en,1,0,0,0,0,0.0,351690,144289,2474854,53993
1,2022-10-28 01:50:49+00:00,Twitter for iPhone,False,en,1,1,0,0,0,0.0,32741,12114,450213,2395
1,2022-10-27 13:08:00+00:00,Twitter for iPhone,False,en,1,1,0,0,0,0.0,110354,40911,744599,23086
1,2022-10-26 21:39:32+00:00,Twitter for iPhone,False,en,1,0,0,0,0,0.4375,13434,13734,295158,1676
1,2022-10-26 18:45:58+00:00,Twitter for iPhone,False,en,1,1,0,0,0,0.0,183101,68602,1389784,43533
1,2022-10-26 15:27:40+00:00,Twitter for iPhone,False,en,1,0,0,0,0,0.675,46640,26611,378652,6303
1,2022-10-26 14:50:58+00:00,Twitter for iPhone,False,en,1,0,0,0,1,0.0,6201,2748,91598,422
1,2022-10-26 14:48:22+00:00,Twitter for iPhone,False,en,1,0,0,0,0,0.19318181818181818,12948,5898,131191,975
1,2022-10-25 23:26:39+00:00,Twitter for iPhone,False,en,1,1,0,0,0,0.0,4391,4025,56121,295
1,2022-10-25 04:33:08+00:00,Twitter for iPhone,False,en,1,0,0,0,0,0.0,12467,46806,161026,5645
1,2022-10-25 01:25:34+00:00,Twitter for iPhone,False,el,1,0,0,0,0,0.0,7372,12017,104143,2321
1,2022-10-23 13:29:48+00:00,Twitter for iPhone,False,en,1,0,0,0,0,0.03333333333333333,4406,4381,62132,427
1,2022-10-23 13:26:21+00:00,Twitter for iPhone,False,en,1,0,0,0,0,0.0,12837,8213,121381,1131
1,2022-10-23 13:21:51+00:00,Twitter for iPhone,False,en,1,0,0,0,0,0.1,9312,19145,122920,2023
1,2022-10-23 12:19:22+00:00,Twitter for iPhone,False,en,1,0,0,0,0,0.0,5100,4316,66534,675
1,2022-10-23 00:29:28+00:00,Twitter for iPhone,False,en,1,0,0,0,0,0.0,22801,19713,215626,2404
1,2022-10-21 06:34:33+00:00,Twitter for iPhone,False,en,1,1,0,0,0,0.2547619047619048,3017,5069,45690,315
1,2022-10-21 03:31:20+00:00,Twitter for iPhone,False,zxx,0,1,0,0,0,2.0,25265,7884,242554,1389
1,2022-10-20 16:31:46+00:00,Twitter for iPhone,False,en,1,0,0,0,0,0.2142857142857143,5485,5905,78404,357
1,2022-10-19 18:46:58+00:00,Twitter for iPhone,False,en,1,0,0,0,0,-0.15555555555555559,35443,42028,403636,7536
1,2022-10-19 17:02:48+00:00,Twitter for iPhone,False,en,1,0,0,0,0,0.55,2176,1982,39677,165
1,2022-10-19 16:59:23+00:00,Twitter for iPhone,False,pt,1,0,0,0,0,0.0,5601,9016,54393,1132
1,2022-10-19 03:58:56+00:00,Twitter for iPhone,False,en,1,0,0,0,0,0.0,1781,3621,58283,284
1,2022-10-19 03:37:07+00:00,Twitter for iPhone,False,en,1,1,0,0,0,0.0,8196,5906,100594,704
1,2022-10-19 01:42:18+00:00,Twitter for iPhone,False,en,1,1,0,0,0,0.26071428571428573,3357,5164,47128,806
1,2022-10-18 14:35:49+00:00,Twitter for iPhone,False,en,1,1,0,0,0,0.0,5251,7308,55845,731
1,2022-10-17 12:32:40+00:00,Twitter for iPhone,False,en,1,1,0,0,0,0.6666666666666666,8226,9981,59376,935
1,2022-10-17 07:01:46+00:00,Twitter for iPhone,False,en,1,0,0,0,0,0.5,4086,4043,74342,468
1,2022-10-17 06:55:10+00:00,Twitter for iPhone,False,en,1,1,0,0,0,0.0,5373,5443,63490,546
1,2022-10-16 21:51:48+00:00,Twitter for iPhone,False,pt,1,0,0,0,0,0.0,4096,6921,66595,673
1,2022-10-16 14:26:13+00:00,Twitter for iPhone,False,en,1,1,0,0,0,0.35,22124,12648,242765,1808
1,2022-10-16 05:17:46+00:00,Twitter for iPhone,False,en,1,1,0,0,0,-0.4,2968,3675,46546,293
1,2022-10-16 05:13:44+00:00,Twitter for iPhone,False,en,1,0,0,0,0,0.0,1671,2623,34569,208
1,2022-10-16 04:51:35+00:00,Twitter for iPhone,False,en,1,0,0,0,0,-0.5,5013,6677,93749,644
1,2022-10-16 04:46:02+00:00,Twitter for iPhone,False,en,1,0,0,0,0,0.0,643,1114,15400,60
1,2022-10-16 04:44:53+00:00,Twitter for iPhone,False,en,1,0,0,0,0,0.6,691,1055,17295,74
1,2022-10-16 03:41:07+00:00,Twitter for iPhone,False,en,1,1,0,0,0,0.2,2061,2988,32498,264
1,2022-10-16 03:24:24+00:00,Twitter for iPhone,False,en,1,0,0,0,0,-0.1,2373,3471,63351,253
1,2022-10-15 18:06:20+00:00,Twitter for iPhone,False,en,1,0,0,0,0,0.1375,38601,62128,508650,10276
1,2022-10-14 20:56:54+00:00,Twitter for iPhone,False,qst,1,1,0,0,0,0.0,2901,5356,25518,116
1,2022-10-13 02:50:21+00:00,Twitter for iPhone,False,und,1,0,0,0,0,0.0,8924,16749,192608,2012
1,2022-10-13 00:10:36+00:00,Twitter for iPhone,False,en,1,0,0,0,0,0.2,3640,6812,95414,364
1,2022-10-13 00:10:10+00:00,Twitter for iPhone,False,zxx,0,1,0,0,0,2.0,19383,10605,303446,1986
1,2022-10-12 21:41:33+00:00,Twitter for iPhone,False,en,1,1,0,0,0,0.0,2038,6479,26757,213
1,2022-10-12 21:09:41+00:00,Twitter for iPhone,False,en,1,0,0,0,0,0.0,42240,44572,580466,11569
1,2022-10-12 20:26:13+00:00,Twitter for iPhone,False,en,1,1,0,0,1,0.2857142857142857,2067,2312,34790,292
1,2022-10-12 04:57:51+00:00,Twitter for iPhone,False,en,1,0,0,0,0,0.625,1397,2230,28726,163
1,2022-10-12 04:53:10+00:00,Twitter for iPhone,False,en,1,0,0,0,0,0.0,3596,2580,38831,308
1,2022-10-12 04:46:23+00:00,Twitter for iPhone,False,en,1,0,0,0,1,0.0,2443,2592,53828,276
1,2022-10-12 04:42:30+00:00,Twitter for iPhone,False,en,1,0,0,0,0,0.0,3883,5278,79178,754
1,2022-10-12 00:38:24+00:00,Twitter for iPhone,False,en,1,0,0,0,0,0.0,3236,5594,65746,602
1,2022-10-11 23:21:40+00:00,Twitter for iPhone,False,da,1,0,0,0,0,0.0,946,1427,23036,136
1,2022-10-11 23:19:19+00:00,Twitter for iPhone,False,zxx,0,1,0,0,0,2.0,29507,14777,240719,2711
1,2022-10-11 23:16:41+00:00,Twitter for iPhone,False,en,1,0,0,0,0,-0.03125,11731,15731,228904,2109
1,2022-10-11 23:08:46+00:00,Twitter for iPhone,False,en,1,0,0,0,0,0.0,2737,2821,37644,365
1,2022-10-11 23:06:23+00:00,Twitter for iPhone,False,en,1,1,0,0,0,0.0,11538,18593,128375,3390
1,2022-10-11 20:53:14+00:00,Twitter for iPhone,False,en,1,1,0,0,0,0.0,10822,11676,155846,1322
1,2022-10-11 20:44:14+00:00,Twitter for iPhone,False,en,1,1,0,0,0,-0.08333333333333333,1078,2385,17966,195
1,2022-10-11 20:39:00+00:00,Twitter for iPhone,False,zxx,0,1,0,0,0,2.0,5042,5612,68394,557
1,2022-10-09 14:18:42+00:00,Twitter for iPhone,False,en,1,1,0,0,0,0.0,4155,7574,65906,594
1,2022-10-09 13:23:55+00:00,Twitter for iPhone,False,en,1,0,0,0,0,0.0,1709,2944,37810,140
1,2022-10-09 13:19:37+00:00,Twitter for iPhone,False,en,1,1,0,0,0,-0.5,10395,13604,96004,1440
1,2022-10-09 11:12:07+00:00,Twitter for iPhone,False,zxx,0,1,0,0,0,2.0,7267,5867,102427,555
1,2022-10-07 14:11:05+00:00,Twitter for iPhone,False,en,1,1,0,0,0,0.0,3000,5500,41887,241
1,2022-10-07 06:53:11+00:00,Twitter for iPhone,False,en,1,1,0,0,0,0.0,6227,4684,57051,516
1,2022-10-06 23:52:27+00:00,Twitter for iPhone,False,en,1,0,0,0,0,0.31666666666666665,4167,5897,96201,361
1,2022-10-06 23:50:57+00:00,Twitter for iPhone,False,en,1,1,0,0,0,0.46875,30005,15018,361218,4526
1,2022-10-06 19:54:23+00:00,Twitter for iPhone,False,en,1,1,0,0,0,0.0,2027,1703,28442,245
1,2022-10-06 16:12:27+00:00,Twitter for iPhone,False,en,1,1,0,0,0,0.0,4920,5646,77368,336
1,2022-10-06 04:37:25+00:00,Twitter for iPhone,False,en,1,0,0,0,0,0.0,18088,29148,215663,5283
1,2022-10-06 01:21:12+00:00,Twitter for iPhone,False,en,1,1,0,0,0,0.0,3051,3274,41426,232
1,2022-10-04 22:39:41+00:00,Twitter for iPhone,False,en,1,0,0,0,0,0.0,36003,37854,420849,11612
1,2022-10-03 17:55:05+00:00,Twitter for iPhone,False,en,1,0,0,0,0,0.13636363636363635,17328,90999,97634,9451
1,2022-10-03 16:30:48+00:00,Twitter for iPhone,False,en,1,0,0,0,0,-0.06666666666666667,4699,11383,74384,936
1,2022-10-03 16:22:21+00:00,Twitter for iPhone,False,en,1,0,0,0,0,0.25,4787,10048,86378,763
1,2022-10-03 16:15:43+00:00,Twitter for iPhone,False,en,1,0,0,0,0,0.0,20429,116755,99851,25072
1,2022-10-03 07:44:48+00:00,Twitter for iPhone,False,zxx,0,1,0,0,0,2.0,34503,10194,250722,2054
1,2022-10-02 23:29:18+00:00,Twitter for iPhone,False,zxx,0,1,0,0,0,2.0,8497,5952,148736,745
1,2022-10-02 23:03:40+00:00,Twitter for iPhone,False,en,1,1,0,0,0,0.0,4278,3816,70913,434
1,2022-10-02 18:49:35+00:00,Twitter for iPhone,False,en,1,0,0,0,0,0.13636363636363635,8097,6881,100043,701
1,2022-10-02 11:15:14+00:00,Twitter for iPhone,False,zxx,0,1,0,0,0,2.0,13595,8227,232657,862
1,2022-10-02 01:29:06+00:00,Twitter for iPhone,False,en,1,1,0,0,0,0.0,2580,2418,23554,159
1,2022-10-02 01:25:38+00:00,Twitter for iPhone,False,en,1,1,0,0,0,0.0,2234,2316,25202,226
1,2022-10-01 05:21:49+00:00,Twitter for iPhone,False,und,1,1,0,0,1,0.0,5085,6301,98169,547
1,2022-10-01 03:17:21+00:00,Twitter for iPhone,False,zxx,0,1,0,0,0,2.0,3485,2994,64046,460
1,2022-10-01 03:08:48+00:00,Twitter for iPhone,False,zxx,0,1,0,0,0,2.0,32638,23353,512444,7460
1,2022-10-01 03:05:34+00:00,Twitter for iPhone,False,en,1,0,0,0,0,0.1,7364,5934,107633,1358
1,2022-10-01 02:36:33+00:00,Twitter for iPhone,False,en,1,0,0,0,0,0.0,4009,3311,52069,342
1,2022-09-30 22:13:26+00:00,Twitter for iPhone,False,en,1,1,0,0,0,0.0,1728,1694,16962,81
1,2022-09-30 22:08:06+00:00,Twitter for iPhone,False,en,1,0,0,0,0,0.4,3163,2845,41662,286
1,2022-09-29 15:35:09+00:00,Twitter for iPhone,False,en,1,0,0,0,0,0.5,2365,2559,55676,258
1,2022-09-29 15:31:12+00:00,Twitter for iPhone,False,en,1,0,0,0,0,-0.05,14542,19439,207256,9555
1,2022-09-29 15:25:16+00:00,Twitter for iPhone,False,en,1,0,0,0,0,0.0,974,1732,23214,75
1,2022-09-29 14:59:48+00:00,Twitter for iPhone,False,en,1,0,0,0,0,0.4,1309,1387,22724,79
1,2022-09-29 14:54:11+00:00,Twitter for iPhone,False,en,1,1,0,0,0,0.0,4496,3386,50828,439
1,2022-09-28 23:47:46+00:00,Twitter for iPhone,False,en,1,1,0,0,0,0.0,1028,1347,14611,73
1,2022-09-28 23:43:58+00:00,Twitter for iPhone,False,en,1,1,0,0,0,-0.020000000000000004,4418,4319,47567,444
1,2022-09-28 23:38:46+00:00,Twitter for iPhone,False,en,1,1,0,0,0,0.0,3830,3048,43956,367
1,2022-09-28 07:16:12+00:00,Twitter for iPhone,False,zxx,0,1,0,0,0,2.0,13968,8380,158920,1420
1,2022-09-28 03:05:06+00:00,Twitter for iPhone,False,en,1,0,0,0,1,-0.30000000000000004,1266,2927,27140,185
1,2022-09-27 23:20:31+00:00,Twitter for iPhone,False,en,1,0,0,0,0,0.0,3831,5062,53359,433
1,2022-09-27 23:04:38+00:00,Twitter for iPhone,False,zxx,0,1,0,0,0,2.0,3549,4848,47236,538
1,2022-09-27 23:03:16+00:00,Twitter for iPhone,False,en,1,0,0,0,0,0.0,905,1412,17940,98
1,2022-09-27 23:01:19+00:00,Twitter for iPhone,False,en,1,0,0,0,0,0.0,899,1073,18929,70
1,2022-09-27 22:57:09+00:00,Twitter for iPhone,False,en,1,0,0,0,0,0.0,2403,3164,44277,224
1,2022-09-27 16:50:00+00:00,Twitter for iPhone,False,en,1,0,0,0,0,0.25,7304,6422,112273,821
1,2022-09-27 16:13:16+00:00,Twitter for iPhone,False,zxx,0,1,0,0,0,2.0,46837,8808,600270,2290
1,2022-09-27 14:51:58+00:00,Twitter for iPhone,False,en,1,1,0,0,0,0.0,7193,3625,89616,450
1,2022-09-25 19:59:30+00:00,Twitter for iPhone,False,zxx,0,1,0,0,0,2.0,2278,2664,59141,260
1,2022-09-25 19:34:40+00:00,Twitter for iPhone,False,zxx,0,1,0,0,0,2.0,22138,10638,238748,1279
1,2022-09-25 19:04:39+00:00,Twitter for iPhone,False,en,1,0,0,0,0,0.0,11489,15145,153272,1239
1,2022-09-23 02:59:15+00:00,Twitter for iPhone,False,en,1,1,0,0,0,0.0,12616,11326,130842,1195
1,2022-09-19 21:57:54+00:00,Twitter for iPhone,False,und,1,0,0,0,0,0.0,1033,3901,29055,144
1,2022-09-19 20:57:53+00:00,Twitter for iPhone,False,en,1,0,0,0,0,0.7,3171,11454,45188,374
1,2022-09-19 19:33:52+00:00,Twitter for iPhone,False,es,1,0,0,0,0,0.0,2796,5297,35289,710
1,2022-09-19 18:56:02+00:00,Twitter for iPhone,False,en,1,0,0,0,0,1.0,2023,4023,59917,198
1,2022-09-19 18:30:43+00:00,Twitter for iPhone,False,en,1,1,0,0,0,0.5,10443,7216,137747,817
1,2022-09-19 06:30:06+00:00,Twitter for iPhone,False,en,1,1,0,0,0,0.0,14964,9387,208037,961
1,2022-09-19 03:26:40+00:00,Twitter for iPhone,False,en,1,1,0,0,0,-0.13333333333333333,12707,12341,117224,1780
1,2022-09-18 03:16:21+00:00,Twitter for iPhone,False,zxx,0,1,0,0,0,2.0,21360,8806,258717,1187
1,2022-09-17 15:09:12+00:00,Twitter for iPhone,False,en,1,0,0,0,0,0.0,2280,3759,53556,295
1,2022-09-17 01:48:30+00:00,Twitter for iPhone,False,en,1,0,0,0,0,0.125,12007,17463,221138,2256
1,2022-09-14 07:38:04+00:00,Twitter for iPhone,False,en,1,1,0,0,0,0.6000000000000001,7074,9184,130532,813
1,2022-09-14 03:57:18+00:00,Twitter for iPhone,False,zxx,0,1,0,0,0,2.0,19891,5483,291850,766
1,2022-09-13 23:05:40+00:00,Twitter for iPhone,False,en,1,0,0,0,0,0.30000000000000004,1442,2368,29797,167
1,2022-09-13 23:04:03+00:00,Twitter for iPhone,False,en,1,0,0,0,0,0.0,3028,3219,41397,351
1,2022-09-13 23:02:37+00:00,Twitter for iPhone,False,en,1,1,0,0,0,0.0,3545,4442,51859,644
1,2022-09-13 18:49:25+00:00,Twitter for iPhone,False,zxx,0,1,0,0,0,2.0,2840,2950,38882,304
1,2022-09-13 18:07:16+00:00,Twitter for iPhone,False,en,1,0,0,0,0,0.0,2108,2046,33783,177
1,2022-09-13 18:05:36+00:00,Twitter for iPhone,False,en,1,0,0,0,0,0.0,9183,11919,130884,1849
1,2022-09-13 17:55:46+00:00,Twitter for iPhone,False,en,1,0,0,0,0,0.0,840,1000,11403,46
1,2022-09-13 17:45:44+00:00,Twitter for iPhone,False,en,1,1,0,0,0,-0.1,2010,1551,19329,107
1,2022-09-13 16:51:22+00:00,Twitter for iPhone,False,en,1,1,0,0,0,0.0,1272,2154,21080,210
1,2022-09-13 14:48:08+00:00,Twitter for iPhone,False,art,0,0,0,0,1,2.0,3733,4193,49782,723
1,2022-09-13 00:16:11+00:00,Twitter for iPhone,False,en,1,1,0,0,0,0.0,29037,9214,371417,1856
1,2022-09-12 22:19:11+00:00,Twitter for iPhone,False,en,1,0,0,0,0,0.2,2351,5678,37716,590
1,2022-09-12 20:07:08+00:00,Twitter for iPhone,False,en,1,0,0,0,0,-0.025,14129,25666,179378,3704
1,2022-09-12 04:19:57+00:00,Twitter for iPhone,False,en,1,0,0,0,0,0.875,1077,1600,20904,145
1,2022-09-11 21:31:34+00:00,Twitter for iPhone,False,en,1,0,0,0,0,0.25,3189,3526,46740,309
1,2022-09-11 03:00:14+00:00,Twitter for iPhone,False,en,1,1,0,0,0,0.0,11859,6092,180261,749
1,2022-09-11 02:29:13+00:00,Twitter for iPhone,False,en,1,1,0,0,0,0.05,3467,2678,46387,200
1,2022-09-10 17:00:13+00:00,Twitter for iPhone,False,en,1,0,0,0,0,0.0,1618,2386,39330,194
1,2022-09-09 23:52:33+00:00,Twitter for iPhone,False,en,1,0,0,0,0,0.0,10059,7316,140754,1564
1,2022-09-09 23:40:48+00:00,Twitter for iPhone,False,en,1,0,0,0,0,0.0625,6063,6626,83731,1050
1,2022-09-09 22:22:27+00:00,Twitter for iPhone,False,en,1,0,0,0,0,0.0,2225,2759,38848,161
1,2022-09-08 09:22:07+00:00,Twitter for iPhone,False,en,1,1,0,0,1,0.0,15826,7219,107410,1205
1,2022-09-07 04:19:58+00:00,Twitter for iPhone,False,en,1,0,0,0,0,0.0,4247,6445,75622,469
1,2022-09-05 23:50:46+00:00,Twitter for iPhone,False,en,1,1,0,0,0,0.0,4506,7162,46684,760
1,2022-09-05 18:18:01+00:00,Twitter for iPhone,False,en,1,1,0,0,1,0.0,4247,6891,79167,706
1,2022-09-05 18:15:24+00:00,Twitter for iPhone,False,en,1,0,0,0,0,0.28571428571428575,8392,8446,132123,4200
1,2022-09-05 18:01:44+00:00,Twitter for iPhone,False,en,1,0,0,0,0,0.0,27120,16729,285928,8125
1,2022-09-03 02:06:02+00:00,Twitter for iPhone,False,zxx,0,1,0,0,0,2.0,6794,5942,82228,479
1,2022-09-01 04:09:39+00:00,Twitter for iPhone,False,en,1,0,0,0,0,1.0,2975,4194,55675,296
1,2022-09-01 04:05:27+00:00,Twitter for iPhone,False,en,1,1,0,0,0,0.40625,10781,8252,92294,1398
1,2022-08-31 15:06:53+00:00,Twitter for iPhone,False,en,1,1,0,0,0,0.0,4951,4608,59735,512
1,2022-08-30 22:50:03+00:00,Twitter for iPhone,False,en,1,0,0,0,0,0.3,5424,5587,114101,376
1,2022-08-30 22:38:14+00:00,Twitter for iPhone,False,en,1,1,0,0,0,0.0,4874,3709,65765,422
1,2022-08-28 23:51:49+00:00,Twitter for iPhone,False,en,1,1,0,0,0,0.0,5218,9118,53562,818
1,2022-08-28 23:35:36+00:00,Twitter for iPhone,False,en,1,1,0,0,0,0.0,4477,3145,50815,250
1,2022-08-28 18:01:21+00:00,Twitter for iPhone,False,en,1,0,0,0,0,0.0,4748,20171,69862,717
1,2022-08-28 17:54:13+00:00,Twitter for iPhone,False,en,1,0,0,0,0,0.0,12489,13498,203681,1099
1,2022-08-28 17:40:56+00:00,Twitter for iPhone,False,en,1,0,0,0,0,0.7,2052,2360,44650,425
1,2022-08-28 17:40:02+00:00,Twitter for iPhone,False,en,1,0,0,0,0,0.7,12788,12590,196796,2693
1,2022-08-28 05:29:11+00:00,Twitter for iPhone,False,en,1,1,0,0,0,0.125,2559,2800,34965,178
1,2022-08-26 22:27:59+00:00,Twitter for iPhone,False,en,1,0,0,0,0,-0.6185185185185185,34387,15417,299663,3672
1,2022-08-26 04:31:43+00:00,Twitter for iPhone,False,en,1,0,0,0,0,0.03125,3050,5690,71273,603
1,2022-08-26 04:29:21+00:00,Twitter for iPhone,False,en,1,0,0,0,0,0.0,2994,4250,65105,370
1,2022-08-26 04:27:02+00:00,Twitter for iPhone,False,en,1,0,0,0,0,-0.03125,40140,42718,350220,17805
1,2022-08-26 00:42:37+00:00,Twitter for iPhone,False,en,1,0,0,0,0,0.36000000000000004,2891,2518,48397,280
1,2022-08-26 00:13:51+00:00,Twitter for iPhone,False,en,1,0,0,0,0,-0.03333333333333333,20418,9391,197185,3202
1,2022-08-25 22:49:28+00:00,Twitter for iPhone,False,en,1,1,0,0,0,0.0,2537,2433,26344,201
1,2022-08-24 16:31:54+00:00,Twitter for iPhone,False,en,1,1,0,0,0,0.35714285714285715,4207,4420,42493,373
1,2022-08-24 07:28:13+00:00,Twitter for iPhone,False,en,1,1,0,0,0,0.0,3120,4093,33623,331
1,2022-08-24 05:44:21+00:00,Twitter for iPhone,False,en,1,1,0,0,0,0.0,11045,7357,158793,795
1,2022-08-23 17:52:14+00:00,Twitter for iPhone,False,en,1,1,0,0,0,0.0,3306,2155,24399,281
1,2022-08-23 15:52:07+00:00,Twitter for iPhone,False,zxx,0,1,0,0,0,2.0,6560,6924,95408,716
1,2022-08-22 06:57:42+00:00,Twitter for iPhone,False,en,1,0,0,0,0,0.0,6586,7461,93183,1033
1,2022-08-22 06:55:01+00:00,Twitter for iPhone,False,en,1,0,0,0,0,0.13409090909090907,5858,5784,75175,554
1,2022-08-22 06:44:02+00:00,Twitter for iPhone,False,en,1,0,0,0,0,0.0,968,1575,16265,89
1,2022-08-22 06:42:02+00:00,Twitter for iPhone,False,en,1,0,0,0,0,0.275,1503,2234,24315,235
1,2022-08-22 06:40:07+00:00,Twitter for iPhone,False,en,1,0,0,0,0,-0.035416666666666666,760,605,11919,89
1,2022-08-22 06:37:10+00:00,Twitter for iPhone,False,art,0,0,0,0,1,2.0,242,332,6599,26
1,2022-08-22 06:35:26+00:00,Twitter for iPhone,False,en,1,0,0,0,0,-0.20833333333333331,544,577,11119,65
1,2022-08-21 22:08:02+00:00,Twitter for iPhone,False,und,0,1,0,0,1,2.0,16011,10964,281003,1878
1,2022-08-21 14:41:54+00:00,Twitter for iPhone,False,en,1,0,0,0,0,0.0,1581,2185,24988,125
1,2022-08-21 14:40:36+00:00,Twitter for iPhone,False,en,1,0,0,0,0,-0.03333333333333333,3062,4880,38716,764
1,2022-08-21 14:34:21+00:00,Twitter for iPhone,False,en,1,0,0,0,0,0.09999999999999999,2033,2220,23805,176
1,2022-08-19 20:57:21+00:00,Twitter for iPhone,False,en,1,0,0,0,1,0.13636363636363635,2487,5021,88103,294
1,2022-08-19 20:07:52+00:00,Twitter for iPhone,False,en,1,1,0,0,0,0.6,7440,6418,149134,792
1,2022-08-19 06:04:54+00:00,Twitter for iPhone,False,en,1,1,0,0,1,0.0,30773,13531,555275,2513
1,2022-08-19 03:20:47+00:00,Twitter for iPhone,False,zxx,0,1,0,0,0,2.0,16450,8411,218071,1491
1,2022-08-17 09:22:09+00:00,Twitter for iPhone,False,en,1,0,0,0,1,0.5,5695,9909,92219,692
1,2022-08-17 08:44:21+00:00,Twitter for iPhone,False,en,1,0,0,0,0,0.4,77970,30378,723575,12313
1,2022-08-17 08:08:12+00:00,Twitter for iPhone,False,en,1,1,0,0,0,0.16,1524,2977,23284,146
1,2022-08-17 04:59:51+00:00,Twitter for iPhone,False,en,1,0,0,0,0,0.0,8617,10700,153223,1465
1,2022-08-17 00:01:46+00:00,Twitter for iPhone,False,en,1,0,0,0,0,0.8,117805,55935,875454,53579
1,2022-08-16 23:56:43+00:00,Twitter for iPhone,False,en,1,0,0,0,0,0.0021428571428571464,20532,24757,361071,5299
1,2022-08-14 17:26:50+00:00,Twitter for iPhone,False,en,1,1,0,0,0,0.0,9962,9228,156757,1083
1,2022-08-14 02:08:54+00:00,Twitter for iPhone,False,en,1,1,0,0,0,0.0,21730,10440,238902,1708
1,2022-08-13 04:26:20+00:00,Twitter for iPhone,False,en,1,1,0,0,0,0.0,1888,7634,30115,191
1,2022-08-13 04:03:26+00:00,Twitter for iPhone,False,en,1,1,0,0,0,0.0,6513,5559,92921,524
1,2022-08-13 03:22:07+00:00,Twitter for iPhone,False,en,1,1,0,0,0,-0.08333333333333333,2445,2156,30532,117
1,2022-08-12 19:58:59+00:00,Twitter for iPhone,False,en,1,0,0,0,0,0.0,3406,4561,109648,311
1,2022-08-12 05:08:20+00:00,Twitter for iPhone,False,en,1,1,0,0,0,0.0,23909,23212,360287,2945
1,2022-08-12 04:14:03+00:00,Twitter for iPhone,False,en,1,1,0,0,0,0.0,47120,25847,664227,6423
1,2022-08-11 19:46:38+00:00,Twitter for iPhone,False,en,1,0,0,0,0,-0.05,1802,2164,40772,168
1,2022-08-11 16:23:10+00:00,Twitter for iPhone,False,en,1,1,0,0,0,0.5,8956,4965,132544,533
1,2022-08-11 16:02:11+00:00,Twitter for iPhone,False,pt,1,1,0,0,1,0.0,38131,10819,256331,2354
1,2022-08-11 05:40:45+00:00,Twitter for iPhone,False,en,1,1,0,0,0,0.0,24632,7373,252551,1624
1,2022-08-11 05:39:30+00:00,Twitter for iPhone,False,zxx,0,1,0,0,0,2.0,40291,8912,521043,3266
1,2022-08-10 05:34:46+00:00,Twitter for iPhone,False,en,1,1,0,0,0,0.0,3000,3342,29032,295
1,2022-08-10 05:25:19+00:00,Twitter for iPhone,False,en,1,0,0,0,0,0.0,3546,3033,47514,572
1,2022-08-10 05:20:12+00:00,Twitter for iPhone,False,en,1,1,0,0,0,0.0,3392,2450,36150,308
1,2022-08-10 03:02:16+00:00,Twitter for iPhone,False,zxx,0,1,0,0,0,2.0,12429,10378,192780,1245
1,2022-08-10 02:59:22+00:00,Twitter for iPhone,False,en,1,1,0,0,0,0.0,2569,2178,32598,137
1,2022-08-07 22:28:11+00:00,Twitter for iPhone,False,en,1,0,0,0,0,0.0,1637,3268,27891,257
1,2022-08-07 18:37:37+00:00,Twitter for iPhone,False,zxx,0,1,0,0,0,2.0,10256,13392,107172,1045
1,2022-08-07 18:36:25+00:00,Twitter for iPhone,False,en,1,0,0,0,0,0.0,2290,3818,54165,216
1,2022-08-07 07:32:26+00:00,Twitter for iPhone,False,en,1,0,0,0,0,0.0,5002,7595,67415,557
1,2022-08-06 20:51:30+00:00,Twitter for iPhone,False,en,1,1,0,0,0,0.0,3709,5698,40867,473
1,2022-08-06 16:18:59+00:00,Twitter for iPhone,False,en,1,0,0,0,0,-0.08333333333333333,7093,12315,66309,1021
1,2022-08-06 06:13:25+00:00,Twitter for iPhone,False,en,1,0,0,0,0,0.25,3338,4122,84626,433
1,2022-08-06 05:54:36+00:00,Twitter for iPhone,False,en,1,1,0,0,0,0.0,4014,2115,89000,273
1,2022-08-06 01:23:22+00:00,Twitter for iPhone,False,en,1,1,0,0,0,0.0,9001,6816,145784,756
1,2022-08-05 18:56:10+00:00,Twitter for iPhone,False,en,1,0,0,0,0,0.0,4060,4268,66181,319
1,2022-08-05 15:13:31+00:00,Twitter for iPhone,False,en,1,1,0,0,0,0.35,4628,3242,43800,423
1,2022-08-05 06:34:11+00:00,Twitter for iPhone,False,en,1,0,0,0,0,0.0,4606,10385,90806,1104
1,2022-08-02 23:52:03+00:00,Twitter for iPhone,False,en,1,0,0,0,0,0.16666666666666666,6745,7706,100504,651
1,2022-08-02 22:00:38+00:00,Twitter for iPhone,False,en,1,1,0,0,0,0.475,3329,3013,30185,196
1,2022-08-02 05:15:23+00:00,Twitter for iPhone,False,en,1,1,0,0,0,0.3,5060,5082,46497,411
1,2022-08-01 22:19:04+00:00,Twitter for iPhone,False,en,1,1,0,0,0,0.0,2208,3158,26880,157
1,2022-08-01 21:37:42+00:00,Twitter for iPhone,False,zxx,0,1,0,0,0,2.0,15939,7102,202189,1406
1,2022-08-01 17:48:26+00:00,Twitter for iPhone,False,en,1,0,0,0,1,0.0,3496,4318,41944,368
1,2022-08-01 17:18:42+00:00,Twitter for iPhone,False,zxx,0,1,0,0,0,2.0,3657,3868,67771,490
1,2022-08-01 06:05:29+00:00,Twitter for iPhone,False,en,1,1,0,0,0,0.25,13579,16926,405136,2315
1,2022-07-31 22:32:36+00:00,Twitter for iPhone,False,en,1,0,0,0,1,-0.25,10803,10692,149302,1174
1,2022-07-31 14:22:14+00:00,Twitter for iPhone,False,en,1,1,0,0,0,0.15000000000000002,44665,12852,382154,3107
1,2022-07-31 02:27:16+00:00,Twitter for iPhone,False,en,1,1,0,0,0,0.0,2715,3604,30082,1150
1,2022-07-30 14:20:06+00:00,Twitter for iPhone,False,en,1,0,0,0,0,-0.09375,14484,12921,168696,1607
1,2022-07-30 14:01:33+00:00,Twitter for iPhone,False,fr,1,0,0,0,0,0.0,17532,17696,266835,3620
1,2022-07-30 13:51:37+00:00,Twitter for iPhone,False,en,1,0,0,0,0,0.20000000000000004,7702,19165,134727,1688
1,2022-07-30 07:10:13+00:00,Twitter for iPhone,False,en,1,1,0,0,0,0.0,3137,4524,45943,306
1,2022-07-30 02:13:42+00:00,Twitter for iPhone,False,en,1,1,0,0,0,0.0,4791,6138,72869,536
1,2022-07-30 01:46:25+00:00,Twitter for iPhone,False,en,1,0,0,0,0,0.0,9938,10633,158101,2506
1,2022-07-30 01:43:41+00:00,Twitter for iPhone,False,zxx,0,1,0,0,0,2.0,28290,6401,339646,1352
1,2022-07-30 00:09:07+00:00,Twitter for iPhone,False,da,1,0,0,0,1,0.0,4277,4803,66347,605
1,2022-07-29 14:46:31+00:00,Twitter for iPhone,False,en,1,0,0,0,0,0.35714285714285715,5422,6668,95964,537
1,2022-07-29 00:31:32+00:00,Twitter for iPhone,False,en,1,0,0,0,0,0.17222222222222222,2353,2236,50910,255
1,2022-07-29 00:29:37+00:00,Twitter for iPhone,False,en,1,0,0,0,0,-0.15555555555555559,10937,11348,160416,1879
1,2022-07-28 03:50:24+00:00,Twitter for iPhone,False,en,1,0,0,0,0,-0.05,20698,22852,270244,2587
1,2022-07-27 16:07:30+00:00,Twitter for iPhone,False,en,1,0,0,0,0,0.0,39572,18734,335879,4029
1,2022-07-27 15:40:27+00:00,Twitter for iPhone,False,en,1,0,0,0,0,0.5,4593,9105,75754,849
1,2022-07-27 15:38:48+00:00,Twitter for iPhone,False,en,1,0,0,0,0,0.06818181818181818,16177,25566,160484,3791
1,2022-07-25 22:37:15+00:00,Twitter for iPhone,False,en,1,0,0,0,0,-0.010317460317460336,19974,38914,380913,5876
1,2022-07-25 20:40:56+00:00,Twitter for iPhone,False,en,1,1,0,0,0,0.4,12376,8081,211678,1537
1,2022-07-25 18:59:51+00:00,Twitter for iPhone,False,en,1,0,0,0,0,0.0,1233,2376,30166,163
1,2022-07-25 13:20:13+00:00,Twitter for iPhone,False,en,1,1,0,0,0,0.8,5906,4721,71424,456
1,2022-07-25 06:10:38+00:00,Twitter for iPhone,False,en,1,0,0,0,0,0.25,10910,106859,222785,7120
1,2022-07-25 04:04:27+00:00,Twitter for iPhone,False,en,1,0,0,0,0,0.2,3918,5793,74738,599
1,2022-07-25 01:55:25+00:00,Twitter for iPhone,False,en,1,0,0,0,0,0.12222222222222223,1857,1975,34886,164
1,2022-07-24 22:48:10+00:00,Twitter for iPhone,False,en,1,1,0,0,0,-0.15,3310,3658,40161,368
1,2022-07-24 04:17:38+00:00,Twitter for iPhone,False,en,1,1,0,0,0,0.0,2847,4121,36298,299
1,2022-07-24 03:58:16+00:00,Twitter for iPhone,False,zxx,0,1,0,0,0,2.0,20207,7840,317376,1824
1,2022-07-24 03:54:01+00:00,Twitter for iPhone,False,de,1,0,0,0,0,0.0,1204,2554,29151,240
1,2022-07-24 03:14:17+00:00,Twitter for iPhone,False,de,1,0,0,0,0,0.0,3025,5190,62370,520
1,2022-07-23 12:12:22+00:00,Twitter for iPhone,False,en,1,0,0,0,0,0.1875,6506,6521,106316,820
1,2022-07-22 19:01:32+00:00,Twitter for iPhone,False,en,1,1,0,0,0,0.5,6642,9039,70455,926
1,2022-07-22 19:00:14+00:00,Twitter for iPhone,False,en,1,1,0,0,0,0.0,2932,2179,45826,158
1,2022-07-22 13:35:52+00:00,Twitter for iPhone,False,en,1,1,0,0,0,0.0,19269,8749,266530,1654
1,2022-07-21 03:28:31+00:00,Twitter for iPhone,False,und,0,1,0,0,1,2.0,31643,10415,407108,2469
1,2022-07-19 17:34:20+00:00,Twitter for iPhone,False,en,1,1,0,0,0,1.0,7276,10845,106136,1087
1,2022-07-19 15:59:19+00:00,Twitter for iPhone,False,en,1,0,0,0,0,0.0,2441,2045,38502,179
1,2022-07-19 15:55:22+00:00,Twitter for iPhone,False,en,1,0,0,0,0,0.0,6247,5088,110397,408
1,2022-07-19 07:00:38+00:00,Twitter for iPhone,False,en,1,1,0,0,0,0.0,3029,3697,33747,241
1,2022-07-18 20:17:23+00:00,Twitter for iPhone,False,zxx,0,1,0,0,0,2.0,29210,10871,352407,1978
1,2022-07-15 12:55:42+00:00,Twitter for iPhone,False,en,1,0,0,0,0,0.0,19562,20152,225562,3466
1,2022-07-15 12:21:05+00:00,Twitter for iPhone,False,en,1,0,0,0,0,0.26666666666666666,8649,19279,146306,2905
1,2022-07-15 04:03:02+00:00,Twitter for iPhone,False,zxx,0,1,0,0,0,2.0,47072,18968,627070,5532
1,2022-07-15 00:42:42+00:00,Twitter for iPhone,False,en,1,1,0,0,0,0.0,3896,3564,49769,328
1,2022-07-13 16:03:08+00:00,Twitter for iPhone,False,en,1,0,0,0,0,0.18522727272727274,4606,4062,105309,296
1,2022-07-13 15:15:37+00:00,Twitter for iPhone,False,en,1,1,0,0,0,0.0,52831,18692,491605,4874
1,2022-07-13 05:44:29+00:00,Twitter for iPhone,False,en,1,0,0,0,0,0.36999999999999994,1958,2124,43623,154
1,2022-07-13 05:38:17+00:00,Twitter for iPhone,False,en,1,1,0,0,0,0.0,6721,4929,112573,416
1,2022-07-13 01:23:15+00:00,Twitter for iPhone,False,en,1,0,0,0,0,0.1875,5136,4270,95250,374
1,2022-07-12 22:10:05+00:00,Twitter for iPhone,False,en,1,0,0,0,0,0.8,12677,12147,223365,1473
1,2022-07-12 01:23:04+00:00,Twitter for iPhone,False,en,1,0,0,0,0,0.1,4859,6450,78470,568
1,2022-07-11 20:51:22+00:00,Twitter for iPhone,False,zxx,0,1,0,0,0,2.0,18056,14460,299981,2960
1,2022-07-11 15:34:12+00:00,Twitter for iPhone,False,en,1,0,0,0,0,0.0,29713,23234,367080,4761
1,2022-07-11 05:36:17+00:00,Twitter for iPhone,False,en,1,1,0,0,0,0.005555555555555559,4693,4007,54961,407
1,2022-07-11 05:11:58+00:00,Twitter for iPhone,False,en,1,0,0,0,0,0.0,8022,5107,184108,673
1,2022-07-11 04:08:56+00:00,Twitter for iPhone,False,zxx,0,1,0,0,0,2.0,25632,11101,359494,3259
1,2022-07-11 04:04:00+00:00,Twitter for iPhone,False,zxx,0,1,0,0,0,2.0,126549,38237,1127770,17240
1,2022-07-07 22:02:54+00:00,Twitter for iPhone,False,en,1,0,0,0,0,0.3333333333333333,7466,12778,135931,1040
1,2022-07-07 20:59:12+00:00,Twitter for iPhone,False,en,1,1,0,0,0,0.0,7812,6323,102050,637
1,2022-07-07 14:26:00+00:00,Twitter for iPhone,False,en,1,0,0,0,0,0.16,6388,15388,119117,1360
1,2022-07-07 14:19:47+00:00,Twitter for iPhone,False,en,1,0,0,0,0,0.0,16326,20149,258508,3757
1,2022-07-07 14:17:45+00:00,Twitter for iPhone,False,en,1,0,0,0,0,0.0,17471,37594,301979,5543
1,2022-07-07 14:09:11+00:00,Twitter for iPhone,False,en,1,0,0,0,0,0.35,3667,4078,76883,309
1,2022-07-07 14:04:41+00:00,Twitter for iPhone,False,en,1,0,0,0,0,0.55,24369,39101,263769,17455
1,2022-07-06 21:09:27+00:00,Twitter for iPhone,False,en,1,1,0,0,0,0.08,3868,4237,36700,411
1,2022-07-06 16:33:04+00:00,Twitter for iPhone,False,en,1,0,0,0,0,0.0,7089,9284,142864,1426
1,2022-07-06 16:32:22+00:00,Twitter for iPhone,False,en,1,0,0,0,0,-0.3,9231,5449,141248,1133
1,2022-07-06 10:58:50+00:00,Twitter for iPhone,False,en,1,0,0,0,0,0.0,46006,56082,577517,13693
1,2022-07-06 09:33:59+00:00,Twitter for iPhone,False,en,1,0,0,0,0,0.0,5817,8177,100425,854
1,2022-07-05 17:47:42+00:00,Twitter for iPhone,False,en,1,0,0,0,0,0.0,1428,2685,29932,254
1,2022-07-05 17:46:15+00:00,Twitter for iPhone,False,en,1,0,0,0,0,0.13636363636363635,1261,1560,27824,62
1,2022-07-05 17:44:09+00:00,Twitter for iPhone,False,es,1,0,0,0,0,0.0,2867,4806,55382,346
1,2022-07-05 17:38:23+00:00,Twitter for iPhone,False,en,1,0,0,0,0,0.3,1200,2303,23325,183
1,2022-07-05 17:36:03+00:00,Twitter for iPhone,False,en,1,0,0,0,0,0.5,4521,7149,93319,704
1,2022-07-04 20:44:21+00:00,Twitter for iPhone,False,en,1,0,0,0,0,0.0,8559,14997,160755,1770
1,2022-07-04 20:14:41+00:00,Twitter for iPhone,False,en,1,1,0,0,0,1.0,15660,12013,285691,1112
1,2022-07-04 20:10:57+00:00,Twitter for iPhone,False,zxx,0,1,0,0,0,2.0,31287,10708,308046,2168
1,2022-07-02 01:54:39+00:00,Twitter for iPhone,False,en,1,1,0,0,0,0.0,18321,24490,306709,7189
1,2022-07-02 01:44:32+00:00,Twitter for iPhone,False,en,1,1,0,0,0,0.8,8479,10353,239696,1419
1,2022-07-02 01:39:51+00:00,Twitter for iPhone,False,en,1,0,0,0,0,-0.34375,20218,39612,332374,5015
1,2022-07-02 01:37:50+00:00,Twitter for iPhone,False,en,1,1,0,0,0,0.7,14171,7298,164846,3355
1,2022-06-21 15:53:59+00:00,Twitter for iPhone,False,zxx,0,1,0,0,0,2.0,67682,41038,751832,10899
1,2022-06-20 23:43:38+00:00,Twitter for iPhone,False,en,1,1,0,0,0,0.5,14393,14459,141694,1825
1,2022-06-20 21:34:57+00:00,Twitter for iPhone,False,en,1,0,0,0,0,1.0,2217,104633,38964,222
1,2022-06-20 21:11:25+00:00,Twitter for iPhone,False,en,1,1,0,0,0,0.0,1573,2714,29845,178
1,2022-06-20 21:04:10+00:00,Twitter for iPhone,False,en,1,0,0,0,0,0.30000000000000004,2386,4015,49592,352
1,2022-06-20 20:46:59+00:00,Twitter for iPhone,False,en,1,0,0,0,0,0.5,9478,95453,182159,9653
1,2022-06-19 06:19:16+00:00,Twitter for iPhone,False,en,1,0,0,0,0,0.25,35532,36715,384847,6152
1,2022-06-19 06:10:43+00:00,Twitter for iPhone,False,en,1,0,0,0,1,0.0,4926,7769,88748,440
1,2022-06-19 05:52:11+00:00,Twitter for iPhone,False,en,1,0,0,0,0,0.35,6638,7073,207734,1067
1,2022-06-19 05:45:31+00:00,Twitter for iPhone,False,en,1,0,0,0,0,0.8,30130,14430,430645,1949
1,2022-06-19 05:39:24+00:00,Twitter for iPhone,False,en,1,0,0,0,0,0.2,3260,4456,61750,440
1,2022-06-19 05:34:03+00:00,Twitter for iPhone,False,en,1,1,0,0,0,1.0,4301,2670,57167,239
1,2022-06-18 17:15:21+00:00,Twitter for iPhone,False,en,1,0,0,0,0,0.0,2610,5227,45607,425
1,2022-06-18 17:01:54+00:00,Twitter for iPhone,False,en,1,0,0,0,0,0.2,1567,2035,47879,104
1,2022-06-18 16:54:51+00:00,Twitter for iPhone,False,en,1,0,0,0,0,0.375,1613,1600,47735,74
1,2022-06-18 16:52:02+00:00,Twitter for iPhone,False,en,1,0,0,0,0,0.0,8098,8248,148673,1253
1,2022-06-18 16:45:13+00:00,Twitter for iPhone,False,en,1,0,0,0,0,0.0,7097,6657,89010,774
1,2022-06-18 16:25:35+00:00,Twitter for iPhone,False,fr,1,1,0,0,0,0.2,3318,2745,47935,220
1,2022-06-18 03:16:40+00:00,Twitter for iPhone,False,en,1,1,0,0,0,0.0,6050,4706,103617,484
1,2022-06-18 01:49:34+00:00,Twitter for iPhone,False,en,1,0,0,0,0,0.175,2779,3691,46373,251
1,2022-06-18 01:26:53+00:00,Twitter for iPhone,False,en,1,1,0,0,0,-0.0050000000000000044,9336,8122,77518,1460
1,2022-06-18 01:06:16+00:00,Twitter for iPhone,False,en,1,0,0,0,0,0.04166666666666667,8632,11660,196271,1162
1,2022-06-18 00:57:04+00:00,Twitter for iPhone,False,en,1,0,0,0,0,-0.2,33867,43637,428874,9551
1,2022-06-17 21:15:31+00:00,Twitter for iPhone,False,zxx,0,1,0,0,0,2.0,40836,29186,559191,8162
1,2022-06-17 17:10:25+00:00,Twitter for iPhone,False,en,1,0,0,0,0,0.0,3132,2508,74394,182
1,2022-06-17 17:09:38+00:00,Twitter for iPhone,False,en,1,1,0,0,0,0.625,11198,4628,131953,679
1,2022-06-16 07:44:28+00:00,Twitter for iPhone,False,en,1,0,0,0,0,0.0,7513,10204,83398,1141
1,2022-06-16 07:43:41+00:00,Twitter for iPhone,False,en,1,0,0,0,0,0.4000000000000001,2040,1906,58423,118
1,2022-06-15 23:42:45+00:00,Twitter for iPhone,False,en,1,0,0,0,0,0.0,10248,10902,166527,1491
1,2022-06-15 17:17:20+00:00,Twitter for iPhone,False,en,1,0,0,0,0,0.5583333333333333,12320,13804,251021,1476
1,2022-06-15 02:19:15+00:00,Twitter for iPhone,False,en,1,1,0,0,0,0.16,9773,6231,152608,767
1,2022-06-15 00:54:50+00:00,Twitter for iPhone,False,en,1,0,0,0,0,0.0,21620,19135,268847,3071
1,2022-06-14 19:27:43+00:00,Twitter for iPhone,False,zxx,0,1,0,0,0,2.0,33805,13191,505885,4473
1,2022-06-14 16:52:25+00:00,Twitter for iPhone,False,en,1,0,0,0,0,0.2,2973,6348,52647,619
1,2022-06-14 16:18:30+00:00,Twitter for iPhone,False,en,1,0,0,0,0,0.0,9615,7329,133559,929
1,2022-06-14 04:07:35+00:00,Twitter for iPhone,False,en,1,0,0,0,0,-0.056249999999999994,5244,8626,159817,1044
1,2022-06-14 04:06:41+00:00,Twitter for iPhone,False,en,1,0,0,0,0,-0.25,4287,3404,85593,405
1,2022-06-12 20:47:10+00:00,Twitter for iPhone,False,en,1,0,0,0,0,0.85,21229,24753,275807,3335
1,2022-06-12 20:26:25+00:00,Twitter for iPhone,False,en,1,1,0,0,0,0.35,10338,5226,124159,874
1,2022-06-12 18:45:38+00:00,Twitter for iPhone,False,en,1,0,0,0,0,0.0,5647,8001,102295,974
1,2022-06-11 22:24:31+00:00,Twitter for iPhone,False,en,1,0,0,0,0,1.0,46306,23108,458806,4135
1,2022-06-11 04:26:22+00:00,Twitter for iPhone,False,en,1,1,0,0,0,0.0,13280,11355,184074,1695
1,2022-06-10 06:21:52+00:00,Twitter for iPhone,False,en,1,1,0,0,0,0.0,5125,6883,65722,562
1,2022-06-10 05:31:05+00:00,Twitter for iPhone,False,en,1,1,0,0,0,0.2,15034,11873,193779,1820
1,2022-06-07 15:39:14+00:00,Twitter for iPhone,False,zxx,0,1,0,0,0,2.0,46626,18847,637390,3186
1,2022-06-07 15:32:30+00:00,Twitter for iPhone,False,en,1,0,0,0,0,0.0,46207,55315,627286,12930
1,2022-06-06 17:05:47+00:00,Twitter for iPhone,False,en,1,0,0,0,0,0.0,7508,16313,145549,1071
1,2022-06-06 01:17:17+00:00,Twitter for iPhone,False,en,1,1,0,0,0,-0.4,19258,11008,282180,1963
1,2022-06-06 01:06:53+00:00,Twitter for iPhone,False,en,1,0,0,0,0,-0.8749999999999998,18734,11085,170215,1850
1,2022-06-06 00:25:51+00:00,Twitter for iPhone,False,en,1,0,0,0,0,-0.26666666666666666,6208,8676,79670,1284
1,2022-06-06 00:15:25+00:00,Twitter for iPhone,False,en,1,0,0,0,0,0.2,2509,2733,46560,159
1,2022-06-06 00:14:14+00:00,Twitter for iPhone,False,en,1,0,0,0,0,0.4622727272727272,5841,5225,82376,600
1,2022-06-05 11:39:30+00:00,Twitter for iPhone,False,en,1,0,0,0,0,-0.03333333333333335,30563,36847,395307,7018
1,2022-06-05 11:29:45+00:00,Twitter for iPhone,False,en,1,0,0,0,0,-0.04652777777777779,11803,13534,124795,2393
1,2022-06-05 11:20:06+00:00,Twitter for iPhone,False,en,1,1,0,0,0,0.0,6056,2956,56941,540
1,2022-06-04 20:12:39+00:00,Twitter for iPhone,False,en,1,0,0,0,0,0.039999999999999994,2471,2427,33921,291
1,2022-06-04 20:05:13+00:00,Twitter for iPhone,False,en,1,0,0,0,0,0.0,4805,6124,82028,488
1,2022-06-04 19:47:10+00:00,Twitter for iPhone,False,en,1,0,0,0,0,0.0,9992,7597,168804,864
1,2022-06-04 18:57:49+00:00,Twitter for iPhone,False,en,1,1,0,0,0,0.2708333333333333,72993,19060,433799,6116
1,2022-06-04 17:03:50+00:00,Twitter for iPhone,False,en,1,1,0,0,0,0.2333333333333333,3764,2863,43255,327
1,2022-06-04 04:04:22+00:00,Twitter for iPhone,False,fr,1,1,0,0,0,0.0,5490,4003,97210,547
1,2022-06-04 03:52:11+00:00,Twitter for iPhone,False,es,1,1,0,0,0,0.0,21502,10361,245013,2745
1,2022-06-04 02:07:33+00:00,Twitter for iPhone,False,zxx,0,1,0,0,0,2.0,10708,4796,171612,990
1,2022-06-04 01:39:07+00:00,Twitter for iPhone,False,en,1,1,0,0,0,0.0,34771,12794,207454,3780
1,2022-06-03 13:25:13+00:00,Twitter for iPhone,False,en,1,0,0,0,0,0.28229166666666666,7514,8799,97004,1045
1,2022-06-03 13:08:57+00:00,Twitter for iPhone,False,en,1,0,0,0,0,0.7,7395,7079,108190,1538
1,2022-06-03 00:52:57+00:00,Twitter for iPhone,False,en,1,0,0,0,0,0.0,8683,8408,124963,1377
1,2022-06-01 16:05:22+00:00,Twitter for iPhone,False,en,1,0,0,0,0,0.26666666666666666,4118,6176,66639,544
1,2022-06-01 15:58:28+00:00,Twitter for iPhone,False,en,1,1,0,0,0,0.0,4726,8271,63225,811
1,2022-05-31 20:23:56+00:00,Twitter for iPhone,False,en,1,1,0,0,0,0.25,5353,5458,62802,353
1,2022-05-31 14:44:38+00:00,Twitter for iPhone,False,zxx,0,1,0,0,0,2.0,136260,46315,1408455,23216
1,2022-05-31 02:50:47+00:00,Twitter for iPhone,False,en,1,1,0,0,0,0.0,43481,13379,461561,3199
1,2022-05-30 19:10:36+00:00,Twitter for iPhone,False,en,1,0,0,0,0,0.0,4007,7073,90850,422
1,2022-05-30 19:09:41+00:00,Twitter for iPhone,False,en,1,0,0,0,0,0.0,4142,5818,67092,833
1,2022-05-30 18:21:04+00:00,Twitter for iPhone,False,en,1,1,0,0,0,0.0,31765,12992,500115,3175
1,2022-05-30 17:10:36+00:00,Twitter for iPhone,False,und,0,1,0,0,1,2.0,23722,17239,298378,2355
1,2022-05-30 14:20:04+00:00,Twitter for iPhone,False,en,1,0,0,0,0,0.4,34219,10876,382203,1643
1,2022-05-30 07:23:15+00:00,Twitter for iPhone,False,zxx,0,1,0,0,0,2.0,13978,7597,226903,891
1,2022-05-29 23:33:00+00:00,Twitter for iPhone,False,en,1,0,0,0,0,0.7,20152,9283,230497,2422
1,2022-05-29 23:24:09+00:00,Twitter for iPhone,False,en,1,0,0,0,0,0.25,43631,18334,419042,3583
1,2022-05-29 22:24:33+00:00,Twitter for iPhone,False,en,1,0,0,0,0,0.3375,8434,8778,115660,778
1,2022-05-29 20:43:48+00:00,Twitter for iPhone,False,en,1,0,0,0,0,0.0,2659,2703,48027,391
1,2022-05-29 20:38:24+00:00,Twitter for iPhone,False,it,1,0,0,0,0,0.0,5322,7994,86908,1173
1,2022-05-28 11:49:16+00:00,Twitter for iPhone,False,zxx,0,1,0,0,0,2.0,26460,23211,376666,3980
1,2022-05-28 02:47:42+00:00,Twitter for iPhone,False,zxx,0,1,0,0,0,2.0,96465,34917,1184658,8853
1,2022-05-27 20:56:05+00:00,Twitter for iPhone,False,en,1,0,0,0,0,0.4,10911,7054,153538,1057
1,2022-05-27 20:54:04+00:00,Twitter for iPhone,False,en,1,0,0,0,0,0.0,17311,23194,222211,1545
1,2022-05-27 17:09:03+00:00,Twitter for iPhone,False,en,1,1,0,0,1,0.0,15746,8107,99788,3155
1,2022-05-27 15:34:13+00:00,Twitter for iPhone,False,en,1,1,0,0,1,0.0,10792,5199,94674,2209
1,2022-05-27 15:27:21+00:00,Twitter for iPhone,False,en,1,0,0,0,0,0.0,18591,13386,196931,2809
1,2022-05-27 08:02:25+00:00,Twitter for iPhone,False,zxx,0,1,0,0,0,2.0,32706,13458,335819,3260
1,2022-05-27 07:59:28+00:00,Twitter for iPhone,False,zxx,0,1,0,0,0,2.0,9178,4566,163706,549
1,2022-05-27 01:22:59+00:00,Twitter for iPhone,False,en,1,0,0,0,1,0.3071428571428571,21182,25976,321947,2572
1,2022-05-27 01:20:14+00:00,Twitter for iPhone,False,en,1,0,0,0,0,0.5,2067,2969,55221,113
1,2022-05-27 00:01:18+00:00,Twitter for iPhone,False,en,1,0,0,0,0,0.0,14373,9022,209548,1610
1,2022-05-26 23:54:27+00:00,Twitter for iPhone,False,en,1,0,0,0,0,0.016666666666666677,30404,55579,177318,9406
1,2022-05-26 23:16:45+00:00,Twitter for iPhone,False,en,1,0,0,0,0,0.8,3011,3970,66608,540
1,2022-05-26 23:02:04+00:00,Twitter for iPhone,False,en,1,0,0,0,1,-0.4375,8955,20379,150377,6027
1,2022-05-26 22:43:42+00:00,Twitter for iPhone,False,en,1,0,0,0,0,0.0,1776,1753,62966,98
1,2022-05-26 17:23:14+00:00,Twitter for iPhone,False,en,1,0,0,0,0,0.0,3244,3152,79361,338
1,2022-05-26 17:02:12+00:00,Twitter for iPhone,False,en,1,0,0,0,0,0.0,3053,2508,79223,141
1,2022-05-26 17:00:06+00:00,Twitter for iPhone,False,en,1,0,0,0,0,0.0,11970,17779,185322,4927
1,2022-05-26 16:36:54+00:00,Twitter for iPhone,False,en,1,0,0,0,0,0.0,53806,25148,513886,6069
1,2022-05-26 01:10:35+00:00,Twitter for iPhone,False,en,1,1,0,0,0,0.0,13053,8632,213903,1012
1,2022-05-26 01:09:28+00:00,Twitter for iPhone,False,en,1,1,0,0,0,0.0,11032,5708,214827,751
1,2022-05-25 19:29:04+00:00,Twitter for iPhone,False,zxx,0,1,0,0,0,2.0,29400,17477,350603,2456
1,2022-05-24 20:13:10+00:00,Twitter for iPhone,False,en,1,1,0,0,0,0.0,20308,20353,137049,3134
1,2022-05-24 14:03:15+00:00,Twitter for iPhone,False,en,1,0,0,0,0,0.43333333333333335,9621,14840,143017,1730
1,2022-05-24 13:51:07+00:00,Twitter for iPhone,False,en,1,1,0,0,0,0.0,46239,67355,323645,12528
1,2022-05-23 23:11:34+00:00,Twitter for iPhone,False,en,1,1,0,0,0,0.12232142857142858,9626,10167,92907,1059
1,2022-05-23 13:55:43+00:00,Twitter for iPhone,False,en,1,1,0,0,0,0.0,8755,7467,102928,688
1,2022-05-23 03:21:02+00:00,Twitter for iPhone,False,en,1,0,0,0,0,0.7166666666666667,25393,13838,334005,4241
1,2022-05-21 23:40:20+00:00,Twitter for iPhone,False,zxx,0,1,0,0,0,2.0,9604,11066,159824,813
1,2022-05-20 22:42:22+00:00,Twitter for iPhone,False,en,1,1,0,0,0,0.4000000000000001,3904,3514,46562,134
1,2022-05-20 22:14:08+00:00,Twitter for iPhone,False,en,1,0,0,0,0,0.0,13263,12408,132987,3472
1,2022-05-20 21:11:35+00:00,Twitter for iPhone,False,en,1,0,0,0,0,0.0,4439,2937,75004,284
1,2022-05-20 20:34:55+00:00,Twitter for iPhone,False,en,1,0,0,0,0,0.8,7883,4364,94247,1349
1,2022-05-20 20:28:56+00:00,Twitter for iPhone,False,en,1,0,0,0,0,0.2888888888888889,21846,28798,211693,8024
1,2022-05-20 19:28:26+00:00,Twitter for iPhone,False,in,1,0,0,0,0,0.0,20215,17245,246117,5115
1,2022-05-20 17:52:40+00:00,Twitter for iPhone,False,en,1,1,0,0,0,0.35,6122,6987,50925,474
1,2022-05-20 13:40:48+00:00,Twitter for iPhone,False,en,1,0,0,0,1,0.23611111111111108,52034,29375,581368,9474
1,2022-05-20 05:43:53+00:00,Twitter for iPhone,False,en,1,1,0,0,1,0.5,25477,18133,277231,3934
1,2022-05-20 03:28:32+00:00,Twitter for iPhone,False,en,1,0,0,0,0,0.23095238095238094,77842,59305,706994,10756
1,2022-05-19 22:36:49+00:00,Twitter for iPhone,False,en,1,1,0,0,0,-0.02499999999999999,17334,14247,247098,2111
1,2022-05-19 21:14:47+00:00,Twitter for iPhone,False,zxx,0,1,0,0,0,2.0,20875,8206,285083,1485
