is Elon Musk,created at,source,possibly sensitive,lang,has_text,has_link,has_hashtag,has_at,has_emoji,sentiment,subjectivity,retweet count,reply count,like count,quote count
1,2022-05-18 18:44:21+00:00,Twitter for iPhone,0,en,1,0,0,0,0,-0.2875,0.6125,119200,112662,824040,34184
1,2022-05-18 16:23:46+00:00,Twitter for iPhone,0,en,1,0,0,0,0,0.625,0.5,28220,12492,238293,2949
1,2022-05-18 16:22:38+00:00,Twitter for iPhone,0,en,1,0,0,0,0,0.0,0.1,53412,64869,636336,12671
1,2022-05-18 16:18:50+00:00,Twitter for iPhone,0,en,1,0,0,0,0,0.0,0.0,7179,2989,101723,370
1,2022-05-18 16:09:17+00:00,Twitter for iPhone,0,en,1,0,0,0,0,0.315,0.18666666666666668,41699,16188,303223,4990
1,2022-05-18 08:35:54+00:00,Twitter for iPhone,0,en,1,0,0,0,0,0.0,0.0,2848,2577,73563,133
1,2022-05-18 07:15:54+00:00,Twitter for iPhone,0,en,1,0,0,0,0,0.0,0.0,16840,15179,224281,1694
1,2022-05-17 22:05:46+00:00,Twitter for iPhone,0,en,1,0,1,1,1,0.46875,0.575,8954,7488,138846,831
1,2022-05-17 16:21:33+00:00,Twitter for iPhone,0,en,1,0,0,0,0,0.1430555555555555,0.5333333333333333,13180,28524,105893,3248
1,2022-05-15 07:28:05+00:00,Twitter for iPhone,0,en,1,0,0,0,0,0.0,0.75,8815,6216,127787,744
1,2022-05-15 07:23:13+00:00,Twitter for iPhone,0,en,1,0,0,0,0,0.0,0.0,12182,6841,154199,1250
1,2022-05-15 02:30:38+00:00,Twitter for iPhone,0,ro,1,0,0,0,0,0.625,0.0,8381,14477,150102,1287
1,2022-05-15 01:34:47+00:00,Twitter for iPhone,0,en,1,0,0,0,0,0.9,0.9,1423,2839,52342,95
1,2022-05-15 01:32:28+00:00,Twitter for iPhone,0,en,1,0,0,0,0,0.8,0.75,1766,3267,63715,161
1,2022-05-15 00:45:18+00:00,Twitter for iPhone,0,de,1,0,0,0,0,0.5,1.0,11423,16193,195526,2209
1,2022-05-15 00:22:20+00:00,Twitter for iPhone,0,en,1,0,0,0,0,0.0999999999999999,0.4444444444444444,3771,2629,75721,219
1,2022-05-15 00:19:19+00:00,Twitter for iPhone,0,en,1,0,0,0,0,0.3,0.5,9768,5549,156365,741
1,2022-05-14 23:55:42+00:00,Twitter for iPhone,0,en,1,0,0,0,0,0.0,0.0,5177,2274,48822,245
1,2022-05-14 23:08:17+00:00,Twitter for iPhone,0,en,1,0,0,0,0,0.0,0.0,12672,6124,197599,1372
1,2022-05-14 23:04:15+00:00,Twitter for iPhone,0,en,1,0,0,0,0,0.2898412698412698,0.4871428571428571,92711,33677,538091,14011
1,2022-05-14 18:54:19+00:00,Twitter for iPhone,0,en,1,0,0,0,0,-0.0499999999999999,0.35,5758,5218,124919,445
1,2022-05-14 18:52:07+00:00,Twitter for iPhone,0,en,1,0,0,0,0,0.2208333333333333,0.3833333333333333,30528,26210,387340,5155
1,2022-05-14 02:41:00+00:00,Twitter for iPhone,0,en,1,0,0,0,0,-0.5,1.0,55933,35300,812103,6032
1,2022-05-14 01:47:07+00:00,Twitter for iPhone,0,en,1,0,0,0,0,-0.25,0.3125,9990,12620,123066,2604
1,2022-05-13 11:50:06+00:00,Twitter for iPhone,0,en,1,0,0,0,0,0.0,0.0,11861,11430,197781,2491
1,2022-05-13 09:44:38+00:00,Twitter for iPhone,0,en,1,0,0,0,0,0.0416666666666666,0.15833333333333333,27554,25477,231009,11394
1,2022-05-13 08:26:14+00:00,Twitter for iPhone,0,en,1,0,0,0,0,0.0166666666666666,0.2833333333333333,4398,4753,84630,558
1,2022-05-13 01:52:48+00:00,Twitter for iPhone,0,en,1,0,0,0,0,0.0,0.0,3237,6697,93952,425
1,2022-05-13 01:31:19+00:00,Twitter for iPhone,0,en,1,0,0,0,0,0.0,0.06666666666666667,3720,2894,90436,291
1,2022-05-13 01:29:06+00:00,Twitter for iPhone,0,en,1,0,0,0,0,0.0,0.0,20362,17460,274184,3352
1,2022-05-13 00:38:13+00:00,Twitter for iPhone,0,en,1,0,0,0,0,0.0,0.0,8858,11282,95481,1137
1,2022-05-12 22:45:27+00:00,Twitter for iPhone,0,en,1,0,0,0,0,-0.0833333333333333,0.08333333333333334,93839,61483,1079304,13902
1,2022-05-12 22:36:38+00:00,Twitter for iPhone,0,en,1,0,0,0,0,0.1666666666666666,0.2833333333333333,40816,45138,579561,7413
1,2022-05-12 22:21:34+00:00,Twitter for iPhone,0,en,1,0,0,0,0,0.0,0.0,25279,14402,342269,1877
1,2022-05-12 00:25:30+00:00,Twitter for iPhone,0,en,1,0,0,0,0,0.0952380952380952,0.17857142857142858,12724,9987,215900,2893
1,2022-05-12 00:24:46+00:00,Twitter for iPhone,0,en,1,0,0,0,0,0.25,0.25,32808,19666,565225,5456
1,2022-05-11 19:24:56+00:00,Twitter for iPhone,0,zxx,0,1,0,0,0,0.0,0.0,40903,19115,447249,2750
1,2022-05-11 00:56:54+00:00,Twitter for iPhone,0,en,1,0,0,0,0,0.05,0.5,15095,12070,148880,1116
1,2022-05-09 13:35:52+00:00,Twitter for iPhone,0,en,1,0,0,0,0,0.7,0.6000000000000001,75954,71618,1139966,15413
1,2022-05-09 11:13:59+00:00,Twitter for iPhone,0,en,1,0,0,0,0,0.0,0.0,12557,11276,177038,1338
1,2022-05-09 00:51:26+00:00,Twitter for iPhone,0,en,1,0,0,0,0,0.3,1.0,174507,148800,1897053,42408
1,2022-05-09 00:45:05+00:00,Twitter for iPhone,0,en,1,0,0,0,0,-0.3125,0.6875,12384,12648,153705,2231
1,2022-05-09 00:40:57+00:00,Twitter for iPhone,0,en,1,0,0,0,0,0.0,0.0,8909,9284,109822,982
1,2022-05-07 12:37:25+00:00,Twitter for iPhone,0,en,1,0,0,0,0,-0.1458333333333333,0.5333333333333333,11306,12760,200026,1647
1,2022-05-06 16:10:46+00:00,Twitter for iPhone,0,en,1,0,0,0,0,0.6083333333333334,0.4208333333333333,24637,12275,266334,4029
1,2022-05-06 15:33:10+00:00,Twitter for iPhone,0,en,1,0,0,0,0,0.0,0.0,10305,8297,148177,602
1,2022-05-06 15:14:54+00:00,Twitter for iPhone,0,en,1,0,0,0,0,0.3333333333333333,0.6666666666666666,34519,28905,385008,3621
1,2022-05-04 20:32:01+00:00,Twitter for iPhone,0,en,1,0,0,0,0,0.375,0.375,25194,14466,151477,2344
1,2022-05-04 11:03:33+00:00,Twitter for iPhone,0,en,1,0,0,0,0,0.0,0.0,29642,34361,465281,5259
1,2022-05-03 23:19:37+00:00,Twitter for iPhone,0,en,1,0,0,0,0,-0.0888888888888889,0.6111111111111112,31037,19032,411175,6579
1,2022-05-03 20:00:53+00:00,Twitter for iPhone,0,en,1,0,0,0,0,0.0,1.0,30754,24840,420524,4764
1,2022-05-03 19:35:33+00:00,Twitter for iPhone,0,en,1,0,0,0,0,1.0,0.3,37406,15373,398761,3382
1,2022-05-03 19:34:55+00:00,Twitter for iPhone,0,en,1,0,0,0,0,0.0,0.0,53505,22670,383804,4043
1,2022-05-02 19:00:20+00:00,Twitter for iPhone,0,en,1,0,0,0,0,0.0,0.0,102585,53803,1328692,10033
1,2022-05-02 18:12:19+00:00,Twitter for iPhone,0,en,1,0,0,0,0,0.0,0.0,28354,23036,410473,3112
1,2022-05-01 06:23:15+00:00,Twitter for iPhone,0,en,1,0,0,0,0,-0.1333333333333333,0.3,109615,43601,1100681,9464
1,2022-04-29 12:44:05+00:00,Twitter for iPhone,0,en,1,0,0,0,0,0.0698412698412698,0.6003968253968254,46945,42923,806478,6606
1,2022-04-29 12:28:10+00:00,Twitter for iPhone,0,en,1,0,0,0,0,0.05,0.5,120973,62818,1179205,17802
1,2022-04-28 20:58:09+00:00,Twitter for iPhone,0,en,1,0,0,0,0,0.25,0.7000000000000001,20773,14454,424929,2324
1,2022-04-28 20:53:49+00:00,Twitter for iPhone,0,en,1,0,0,0,0,0.8,0.7,42771,34420,624737,6188
1,2022-04-28 17:47:22+00:00,Twitter for iPhone,0,zxx,0,1,0,0,0,0.0,0.0,208691,93279,1557473,45291
1,2022-04-28 01:57:27+00:00,Twitter for iPhone,0,en,1,0,0,0,0,0.5,0.5,212728,77519,2579867,26884
1,2022-04-28 01:53:50+00:00,Twitter for iPhone,0,en,1,0,0,0,0,0.375,0.2,194623,115108,2649566,36681
1,2022-04-28 00:56:58+00:00,Twitter for iPhone,0,en,1,0,0,0,0,0.0,0.0,681651,193938,4780372,179586
1,2022-04-28 00:13:47+00:00,Twitter for iPhone,0,en,1,0,0,0,0,0.0,0.0,107723,42407,1466301,17709
1,2022-04-27 20:38:20+00:00,Twitter for iPhone,0,en,1,0,0,0,0,0.1357142857142857,0.46904761904761905,144543,80850,1552280,29265
1,2022-04-27 18:06:21+00:00,Twitter for iPhone,0,zxx,0,1,0,0,0,0.0,0.0,46666,20121,475085,4915
1,2022-04-27 17:28:36+00:00,Twitter for iPhone,0,en,1,0,0,0,0,0.0,0.0,18747,17315,473165,3406
1,2022-04-27 17:11:41+00:00,Twitter for iPhone,0,en,1,0,0,0,0,-0.1888888888888888,0.6222222222222222,29626,20911,489365,4793
1,2022-04-27 05:01:00+00:00,Twitter for iPhone,0,en,1,0,0,0,0,0.0166666666666666,0.23333333333333334,49750,45751,607414,8543
1,2022-04-26 20:15:32+00:00,Twitter for iPhone,0,it,1,0,0,0,0,0.0,0.0,41264,36428,518058,8178
1,2022-04-26 20:09:46+00:00,Twitter for iPhone,0,en,1,0,0,0,0,-0.1666666666666666,0.16666666666666666,21722,19541,404121,3025
1,2022-04-26 19:33:33+00:00,Twitter for iPhone,0,en,1,0,0,0,0,0.0841666666666666,0.6708333333333334,89864,60948,838209,16503
1,2022-04-26 18:26:46+00:00,Twitter for iPhone,0,en,1,0,0,0,0,0.1375,0.9,192783,80540,1652493,18831
1,2022-04-25 19:43:22+00:00,Twitter for iPhone,0,und,1,0,0,0,0,0.0,0.0,347966,150818,2607590,64462
1,2022-04-25 16:12:30+00:00,Twitter for iPhone,0,en,1,0,0,0,0,-0.3,0.9,368114,181052,3231528,71214
1,2022-04-25 15:35:41+00:00,Twitter for iPhone,0,en,1,0,0,0,0,0.5,0.6,52786,39834,799116,7264
1,2022-04-24 14:25:01+00:00,Twitter for iPhone,0,en,1,0,0,0,0,0.2,0.15000000000000002,20707,11995,390284,1926
1,2022-04-24 11:46:48+00:00,Twitter for iPhone,0,en,1,0,0,0,0,0.0,0.0,30991,33173,486235,4711
1,2022-04-23 04:07:18+00:00,Twitter for iPhone,0,en,1,0,0,0,0,0.0,0.0,41301,12309,620660,3893
1,2022-04-23 03:30:45+00:00,Twitter for iPhone,0,en,1,0,0,0,0,0.2,0.6,134434,71564,1400837,31593
1,2022-04-22 23:43:11+00:00,Twitter for iPhone,0,en,1,0,0,0,0,1.0,0.3,8829,54924,162945,3293
1,2022-04-22 23:39:48+00:00,Twitter for iPhone,0,en,1,0,0,0,0,0.0,0.0,25063,18936,323626,3129
1,2022-04-21 20:20:38+00:00,Twitter for iPhone,0,en,1,0,0,0,0,0.0,0.125,25609,16383,320024,2196
1,2022-04-21 20:12:46+00:00,Twitter for iPhone,0,zxx,0,1,0,0,0,0.0,0.0,24089,13629,445358,1691
1,2022-04-21 20:09:15+00:00,Twitter for iPhone,0,zxx,0,1,0,0,0,0.0,0.0,15244,13123,302114,1410
1,2022-04-21 18:56:34+00:00,Twitter for iPhone,0,en,1,0,0,0,0,0.2,0.30000000000000004,25011,17957,448466,7380
1,2022-04-21 18:53:55+00:00,Twitter for iPhone,0,en,1,0,0,0,0,0.875,0.1,73450,33818,868177,13068
1,2022-04-21 18:50:52+00:00,Twitter for iPhone,0,en,1,0,0,0,0,0.125,0.65,13511,9891,283752,1026
1,2022-04-21 03:09:12+00:00,Twitter for iPhone,0,en,1,0,0,0,0,-0.46875,0.75,13482,18756,168941,2033
1,2022-04-20 03:32:19+00:00,Twitter for iPhone,0,en,1,0,0,0,0,0.0,0.0,17837,64038,280229,4616
1,2022-04-19 18:25:05+00:00,Twitter for iPhone,0,en,1,0,0,0,0,0.1134353741496598,0.5146258503401361,41923,27798,491407,4866
1,2022-04-18 21:32:12+00:00,Twitter for iPhone,0,en,1,0,0,0,0,0.75,0.625,11779,12018,200077,702
1,2022-04-18 14:15:38+00:00,Twitter for iPhone,0,en,1,0,0,0,0,0.0,0.0,13043,11535,164268,855
1,2022-04-17 21:09:42+00:00,Twitter for iPhone,0,en,1,0,0,0,0,1.0,1.0,37565,34227,585051,2958
1,2022-04-17 16:27:49+00:00,Twitter for iPhone,0,en,1,0,0,0,0,0.4,0.5,16679,10956,237200,1042
1,2022-04-16 19:02:24+00:00,Twitter for iPhone,0,en,1,0,0,0,0,0.5,0.6,24230,31772,384025,4176
1,2022-04-15 20:09:48+00:00,Twitter for iPhone,0,en,1,0,0,0,0,0.25,0.2,23426,31629,352323,2137
1,2022-04-14 22:07:09+00:00,Twitter for iPhone,0,und,1,0,0,0,0,0.0,0.0,20675,18580,237614,2134
1,2022-04-14 21:40:23+00:00,Twitter for iPhone,0,qst,1,0,0,0,0,0.0,0.0,84721,87917,1189626,16909
1,2022-04-14 20:12:08+00:00,Twitter for iPhone,0,en,1,0,0,0,0,0.0,0.375,31599,23953,205251,4398
1,2022-04-14 19:06:07+00:00,Twitter for iPhone,0,en,1,0,0,0,0,0.5,0.5,11019,7206,181984,884
1,2022-04-14 11:23:21+00:00,Twitter for iPhone,0,en,1,0,0,0,0,0.0,0.0,106629,79096,899588,31563
1,2022-04-10 00:03:19+00:00,Twitter for iPhone,0,en,1,0,0,0,0,-0.625,1.0,9024,9784,164147,1064
1,2022-04-09 20:14:20+00:00,Twitter for iPhone,0,en,1,0,0,0,0,-0.4000000000000001,0.6,63745,36595,713498,8679
1,2022-04-09 20:12:22+00:00,Twitter for iPhone,0,en,1,0,0,0,0,0.25,0.3333333333333333,23241,19085,202618,3132
1,2022-04-09 13:38:00+00:00,Twitter for iPhone,0,en,1,0,0,0,0,0.0,0.8125,4515,7635,109049,1293
1,2022-04-09 13:35:49+00:00,Twitter for iPhone,0,en,1,0,0,0,0,0.0,0.0,5618,5885,115188,7026
1,2022-04-09 13:32:31+00:00,Twitter for iPhone,0,en,1,0,0,0,0,0.2640625,0.6375,17498,31220,207247,6238
1,2022-04-09 12:37:44+00:00,Twitter for iPhone,0,en,1,0,0,0,0,0.5,0.5,6456,7587,66333,548
1,2022-04-08 10:50:44+00:00,Twitter for iPhone,0,en,1,0,0,0,0,0.625,0.5416666666666666,10580,9429,195337,607
1,2022-04-08 01:43:01+00:00,Twitter for iPhone,0,en,1,0,0,0,0,0.0,0.0,4546,7137,61618,345
1,2022-04-07 08:22:22+00:00,Twitter for iPhone,0,zxx,0,1,0,0,0,0.0,0.0,108909,33039,1133755,12082
1,2022-04-07 08:20:08+00:00,Twitter for iPhone,0,zxx,0,1,0,0,0,0.0,0.0,19960,9602,328788,1767
1,2022-04-07 06:17:19+00:00,Twitter for iPhone,0,zxx,0,1,0,0,0,0.0,0.0,4838,3497,78416,533
1,2022-04-07 06:16:04+00:00,Twitter for iPhone,0,en,1,0,0,0,0,0.0,0.0,3982,3123,71315,399
1,2022-04-07 06:14:07+00:00,Twitter for iPhone,0,zxx,0,1,0,0,0,0.0,0.0,7464,5245,123774,542
1,2022-04-07 05:34:19+00:00,Twitter for iPhone,0,en,1,0,0,0,0,0.0,0.0,3673,3671,93197,219
1,2022-04-07 05:29:24+00:00,Twitter for iPhone,0,en,1,0,0,0,0,0.3125,0.75,9448,8829,162369,735
1,2022-04-05 00:48:06+00:00,Twitter for iPhone,0,en,1,0,0,0,0,0.0,0.0,52016,74118,337946,27901
1,2022-04-04 16:04:49+00:00,Twitter for iPhone,0,en,1,0,0,0,0,0.8,0.7,53852,67074,923044,10653
1,2022-04-03 20:10:23+00:00,Twitter for iPhone,0,et,1,0,0,0,0,0.0,0.0,9482,15443,213150,1697
1,2022-04-03 09:14:40+00:00,Twitter for iPhone,0,zxx,0,1,0,0,0,0.0,0.0,12295,6742,177392,1130
1,2022-04-03 06:54:15+00:00,Twitter for iPhone,0,en,1,0,0,0,0,0.0,0.0,32812,18753,297940,2930
1,2022-04-03 06:19:29+00:00,Twitter for iPhone,0,en,1,0,0,0,0,-0.8,0.9,4280,5085,68112,720
1,2022-04-03 05:45:19+00:00,Twitter for iPhone,0,zxx,0,1,0,0,0,0.0,0.0,816,1288,14691,92
1,2022-04-03 05:00:17+00:00,Twitter for iPhone,0,zxx,0,1,0,0,0,0.0,0.0,1078,1422,18286,101
1,2022-04-03 04:58:37+00:00,Twitter for iPhone,0,en,1,0,0,0,0,0.25,0.3333333333333333,3089,5005,65221,824
1,2022-04-03 04:52:11+00:00,Twitter for iPhone,0,en,1,0,0,0,0,0.0,0.0,1825,1398,51093,163
1,2022-04-03 04:50:49+00:00,Twitter for iPhone,0,en,1,0,0,0,0,0.0,0.0,9676,6712,135751,1098
1,2022-04-03 02:51:18+00:00,Twitter for iPhone,0,en,1,0,0,0,0,0.0,0.0,4984,5768,88126,1622
1,2022-04-03 01:55:38+00:00,Twitter for iPhone,0,zxx,0,1,0,0,0,0.0,0.0,10194,6085,145249,855
1,2022-04-03 01:52:31+00:00,Twitter for iPhone,0,zxx,0,1,0,0,0,0.0,0.0,22875,9641,241343,3214
1,2022-04-03 01:24:12+00:00,Twitter for iPhone,0,zxx,0,1,0,0,0,0.0,0.0,7759,3818,137894,423
1,2022-04-01 00:34:56+00:00,Twitter for iPhone,0,en,1,0,0,0,0,0.0,0.0,17178,9973,292268,1198
1,2022-03-30 01:43:14+00:00,Twitter for iPhone,0,en,1,0,0,0,0,1.0,0.75,7163,12224,81480,903
1,2022-03-28 22:05:21+00:00,Twitter for iPhone,0,en,1,0,0,0,0,-0.1333333333333333,0.6,3770,4216,61734,360
1,2022-03-28 20:22:28+00:00,Twitter for iPhone,0,en,1,0,0,0,0,1.0,1.0,8076,8874,132292,895
1,2022-03-28 09:29:09+00:00,Twitter for iPhone,0,en,1,0,0,0,0,0.0,0.0,3180,4443,111770,247
1,2022-03-28 08:56:42+00:00,Twitter for iPhone,0,zxx,0,1,0,0,0,0.0,0.0,25006,10399,374362,2164
1,2022-03-28 08:12:34+00:00,Twitter for iPhone,0,en,1,0,0,0,0,0.5,0.5,12090,12192,163573,1321
1,2022-03-27 16:00:51+00:00,Twitter for iPhone,0,en,1,0,0,0,0,0.0,0.0,21548,27448,243800,2639
1,2022-03-26 17:54:02+00:00,Twitter for iPhone,0,en,1,0,0,0,0,0.1363636363636363,0.45454545454545453,25262,49778,326800,7514
1,2022-03-26 17:51:26+00:00,Twitter for iPhone,0,en,1,0,0,0,0,0.2,0.43333333333333335,31448,31355,251674,6206
1,2022-03-26 05:53:24+00:00,Twitter for iPhone,0,zxx,0,1,0,0,0,0.0,0.0,11899,9825,162550,901
1,2022-03-25 08:26:45+00:00,Twitter for iPhone,0,en,1,0,0,0,0,0.15,1.0,10006,10912,157027,1959
1,2022-03-25 07:34:52+00:00,Twitter for iPhone,0,en,1,0,0,0,0,0.2,0.55,42609,36070,183787,8926
1,2022-03-25 01:15:13+00:00,Twitter for iPhone,0,zxx,0,1,0,0,0,0.0,0.0,4566,2664,57691,332
1,2022-03-25 01:06:48+00:00,Twitter for iPhone,0,en,1,0,0,0,0,0.3999999999999999,0.4,13045,4980,194782,773
1,2022-03-24 23:55:26+00:00,Twitter for iPhone,0,en,1,0,0,0,0,0.625,0.5,3326,5794,55577,395
1,2022-03-24 23:53:23+00:00,Twitter for iPhone,0,en,1,0,0,0,0,-0.25,0.75,6356,5344,110793,453
1,2022-03-24 20:26:49+00:00,Twitter for iPhone,0,tl,1,0,0,0,0,0.0,0.0,6242,4758,85932,356
1,2022-03-24 17:07:22+00:00,Twitter for iPhone,0,en,1,0,0,0,0,0.0,0.5,10510,10991,69259,1706
1,2022-03-22 13:30:39+00:00,Twitter for iPhone,0,de,1,0,0,0,0,0.0,0.0,14203,16568,274412,1786
1,2022-03-21 18:38:32+00:00,Twitter for iPhone,0,en,1,0,0,0,0,0.34375,0.5416666666666666,11435,11013,208047,942
1,2022-03-19 08:35:46+00:00,Twitter for iPhone,0,zxx,0,1,0,0,0,0.0,0.0,66626,25935,784182,5016
1,2022-03-19 05:49:35+00:00,Twitter for iPhone,0,en,1,0,0,0,0,0.0,0.0,2216,3151,54250,134
1,2022-03-19 05:48:12+00:00,Twitter for iPhone,0,zxx,1,0,0,0,0,0.0,0.0,4652,4273,78160,271
1,2022-03-19 03:26:10+00:00,Twitter for iPhone,0,en,1,0,0,0,0,0.0,0.0,3812,3716,79795,223
1,2022-03-19 03:24:17+00:00,Twitter for iPhone,0,en,1,0,0,0,0,0.1520833333333333,0.6520833333333333,13694,9296,156056,1664
1,2022-03-17 06:56:51+00:00,Twitter for iPhone,0,en,1,0,0,0,0,0.29375,0.49375,5875,5829,143193,429
1,2022-03-17 06:52:38+00:00,Twitter for iPhone,0,en,1,0,0,0,0,0.236111111111111,0.38055555555555554,23761,15945,294070,2630
1,2022-03-17 04:19:35+00:00,Twitter for iPhone,0,en,1,0,0,0,0,0.0,0.0,15134,18557,269699,2351
1,2022-03-15 20:32:20+00:00,Twitter for iPhone,0,en,1,0,0,0,0,0.0999999999999999,0.6,22729,14753,340374,5157
1,2022-03-15 20:20:19+00:00,Twitter for iPhone,0,en,1,0,0,0,0,0.0,0.0,20820,16228,224781,5782
1,2022-03-15 00:46:22+00:00,Twitter for iPhone,0,en,1,0,0,0,0,0.25,0.5,8427,5735,121224,430
1,2022-03-14 11:53:36+00:00,Twitter for iPhone,0,ru,1,0,0,0,0,0.0,0.0,9268,7630,124989,1429
1,2022-03-14 11:09:22+00:00,Twitter for iPhone,0,und,1,0,0,0,0,-0.0714285714285714,0.21428571428571427,53606,38631,391669,22041
1,2022-03-14 10:47:57+00:00,Twitter for iPhone,0,en,1,0,0,0,0,0.0,0.0,4644,7192,110033,512
1,2022-03-14 09:42:25+00:00,Twitter for iPhone,0,en,1,0,0,0,0,0.0,0.0,4653,5471,91711,458
1,2022-03-14 08:31:53+00:00,Twitter for iPhone,0,zxx,0,1,0,0,0,0.0,0.0,145623,31760,1190426,25928
1,2022-03-14 07:48:53+00:00,Twitter for iPhone,0,zxx,0,1,0,0,0,0.0,0.0,83053,32096,734524,17383
1,2022-03-14 01:48:03+00:00,Twitter for iPhone,0,en,1,0,0,0,0,0.0,0.0,2682,2219,37548,182
1,2022-03-14 01:41:19+00:00,Twitter for iPhone,0,en,1,0,0,0,0,0.048076923076923,0.5288461538461539,4351,3471,69278,627
1,2022-03-13 21:39:30+00:00,Twitter for iPhone,0,en,1,0,0,0,0,-0.1,0.05,10896,34791,160136,2932
1,2022-03-13 11:02:24+00:00,Twitter for iPhone,0,en,1,0,0,0,0,0.0,0.0,7271,8711,118311,505
1,2022-03-09 14:01:23+00:00,Twitter for iPhone,0,en,1,0,0,0,0,0.0,0.0,12857,12502,156998,1042
1,2022-03-09 06:47:17+00:00,Twitter for iPhone,0,zxx,0,1,0,0,0,0.0,0.0,79781,36408,644782,12893
1,2022-03-07 07:49:42+00:00,Twitter for iPhone,0,en,1,0,0,0,0,0.5,1.0,45032,23458,357500,7765
1,2022-03-06 23:57:02+00:00,Twitter for iPhone,0,en,1,0,0,0,0,0.25,0.25,13379,5268,172590,853
1,2022-03-06 23:33:20+00:00,Twitter for iPhone,0,en,1,0,0,0,0,0.0333333333333333,0.4166666666666667,16377,5843,182269,1571
1,2022-03-06 23:27:00+00:00,Twitter for iPhone,0,en,1,0,0,0,0,0.0,0.43333333333333335,42104,9197,314871,4247
1,2022-03-06 14:18:02+00:00,Twitter for iPhone,0,en,1,0,0,0,0,-1.0,1.0,4335,5825,94971,1393
1,2022-03-06 14:06:26+00:00,Twitter for iPhone,0,en,1,0,0,0,0,0.2666666666666666,0.8333333333333334,12644,15444,188002,5346
1,2022-03-06 04:38:57+00:00,Twitter for iPhone,0,en,1,0,0,0,0,0.7,0.44999999999999996,16996,12772,251280,1655
1,2022-03-06 03:45:50+00:00,Twitter for iPhone,0,zxx,0,1,0,0,0,0.0,0.0,30096,10741,358886,2265
1,2022-03-05 05:15:51+00:00,Twitter for iPhone,0,en,1,0,0,0,0,-0.0333333333333333,0.4,73639,27914,540064,10717
1,2022-03-05 04:59:24+00:00,Twitter for iPhone,0,en,1,0,0,0,0,-0.1666666666666666,0.16666666666666666,11768,4817,148188,1111
1,2022-03-05 01:22:00+00:00,Twitter for iPhone,0,en,1,0,0,0,0,0.8,0.75,17760,5595,329080,692
1,2022-03-05 01:21:07+00:00,Twitter for iPhone,0,en,1,0,0,0,0,0.4333333333333333,0.7333333333333333,52950,13589,546842,2225
1,2022-03-05 00:48:59+00:00,Twitter for iPhone,0,en,1,0,0,0,0,-0.075,0.3142857142857143,20495,5642,203804,1532
1,2022-03-05 00:40:01+00:00,Twitter for iPhone,0,en,1,0,0,0,0,-0.0444444444444444,0.95,78547,21582,471522,12050
1,2022-03-03 19:49:51+00:00,Twitter for iPhone,0,en,1,0,0,0,0,0.1866666666666666,0.8466666666666667,40075,9434,363129,2113
1,2022-02-22 22:35:13+00:00,Twitter for iPhone,0,zxx,0,1,0,0,0,0.0,0.0,22877,20066,205116,4014
1,2022-02-22 10:18:25+00:00,Twitter for iPhone,0,in,1,0,0,0,0,0.0,0.0,4518,9493,46891,1300
1,2022-02-22 10:10:05+00:00,Twitter for iPhone,0,qst,1,0,0,0,0,0.0,0.0,10688,25367,122872,3436
1,2022-02-22 00:24:17+00:00,Twitter for iPhone,0,en,1,0,0,0,0,0.0,0.0,2065,4553,48475,161
1,2022-02-21 23:22:01+00:00,Twitter for iPhone,0,en,1,0,0,0,0,0.45,0.8500000000000001,19926,8754,215360,2227
1,2022-02-20 02:52:48+00:00,Twitter for iPhone,0,en,1,0,1,1,1,0.0,0.0,2664,5299,88090,273
1,2022-02-20 02:51:12+00:00,Twitter for iPhone,0,en,1,0,0,0,0,0.1363636363636363,0.45454545454545453,4800,5459,107962,723
1,2022-02-20 02:46:59+00:00,Twitter for iPhone,0,zxx,0,1,0,0,0,0.0,0.0,33132,13610,361666,2206
1,2022-02-18 23:49:57+00:00,Twitter for iPhone,0,en,1,0,0,0,0,0.2642857142857143,0.5571428571428572,12700,14430,186098,1201
1,2022-02-17 20:01:33+00:00,Twitter for iPhone,0,en,1,0,0,0,0,0.0,0.0,5094,4898,82447,360
1,2022-02-17 19:57:29+00:00,Twitter for iPhone,0,en,1,0,0,0,0,0.0666666666666666,0.6666666666666666,33178,16988,246893,2894
1,2022-02-15 02:31:48+00:00,Twitter for iPhone,0,en,1,0,0,0,0,0.2,0.30000000000000004,3687,6321,60147,521
1,2022-02-15 02:27:54+00:00,Twitter for iPhone,0,en,1,0,0,0,0,0.0,0.0,7742,8242,70520,888
1,2022-02-14 22:54:37+00:00,Twitter for iPhone,0,en,1,0,0,0,0,0.0,0.0,7231,9016,129759,702
1,2022-02-14 19:44:02+00:00,Twitter for iPhone,0,en,1,0,0,0,0,0.0,0.0,7012,5933,77573,462
1,2022-02-11 20:01:33+00:00,Twitter for iPhone,0,en,1,0,0,0,0,0.0,0.0,104434,32789,591213,9397
1,2022-02-10 16:51:44+00:00,Twitter for iPhone,0,zxx,0,1,0,0,0,0.0,0.0,21639,14981,284370,2308
1,2022-02-10 05:04:48+00:00,Twitter for iPhone,0,zxx,0,1,0,0,0,0.0,0.0,7746,5846,79048,680
1,2022-02-10 04:53:52+00:00,Twitter for iPhone,0,zxx,0,1,0,0,0,0.0,0.0,16177,8080,244690,1408
1,2022-02-10 04:46:57+00:00,Twitter for iPhone,0,zxx,0,1,0,0,0,0.0,0.0,3090,2130,39875,268
1,2022-02-10 04:31:58+00:00,Twitter for iPhone,0,en,1,0,0,0,0,0.0666666666666666,0.5833333333333333,4968,3639,67094,330
1,2022-02-09 21:34:13+00:00,Twitter for iPhone,0,en,1,0,0,0,0,0.25,0.1,2654,4028,34366,184
1,2022-02-07 23:40:58+00:00,Twitter for iPhone,0,en,1,0,0,0,0,-0.1333333333333332,0.5666666666666667,16182,8312,149225,1289
1,2022-02-07 23:18:37+00:00,Twitter for iPhone,0,en,1,0,0,0,0,0.0666666666666666,0.5166666666666667,38906,29803,336344,3546
1,2022-02-07 18:09:58+00:00,Twitter for iPhone,0,en,1,0,0,0,0,0.7000000000000001,0.7999999999999999,29170,17432,250394,2390
1,2022-02-07 17:42:56+00:00,Twitter for iPhone,0,art,1,0,0,0,0,0.0,0.0,3766,5071,56886,297
1,2022-02-06 01:38:11+00:00,Twitter for iPhone,0,fr,1,0,0,0,0,0.0,0.0,1978,3340,55222,200
1,2022-02-06 01:37:28+00:00,Twitter for iPhone,0,en,1,0,0,0,0,0.0,0.0,12346,15742,155397,2119
1,2022-02-06 00:27:58+00:00,Twitter for iPhone,0,en,1,0,0,0,0,0.375,0.2,3139,4092,39021,236
1,2022-02-06 00:26:05+00:00,Twitter for iPhone,0,en,1,0,0,0,0,0.0,0.0,3027,4211,28789,228
1,2022-02-05 20:19:53+00:00,Twitter for iPhone,0,zxx,0,1,0,0,0,0.0,0.0,31242,10628,354521,2528
1,2022-02-03 21:32:56+00:00,Twitter for iPhone,0,en,1,0,0,0,0,-0.15,0.39999999999999997,2771,3660,38804,306
1,2022-02-03 20:50:45+00:00,Twitter for iPhone,0,en,1,0,0,0,0,0.0,0.0,5977,6641,73554,425
1,2022-02-02 16:43:49+00:00,Twitter for iPhone,0,en,1,0,0,0,0,0.1630952380952381,0.3485714285714286,1320,3709,17598,134
1,2022-02-02 10:37:30+00:00,Twitter for iPhone,0,en,1,0,0,0,0,0.375,0.8,7914,7818,155011,480
1,2022-02-02 05:43:24+00:00,Twitter for iPhone,0,en,1,0,0,0,0,0.0,0.0,1196,1924,23314,71
1,2022-02-02 05:28:41+00:00,Twitter for iPhone,0,en,1,0,0,0,0,0.16,0.5399999999999999,4183,5025,49868,453
1,2022-01-31 21:54:22+00:00,Twitter for iPhone,0,en,1,0,0,0,0,0.0,0.0,28140,8939,185598,2521
1,2022-01-31 06:39:35+00:00,Twitter for iPhone,0,zxx,0,1,0,0,0,0.0,0.0,17906,18523,198434,1719
1,2022-01-30 22:51:10+00:00,Twitter for iPhone,0,en,1,0,0,0,0,0.7,0.6000000000000001,17215,10993,284428,2003
1,2022-01-30 20:04:38+00:00,Twitter for iPhone,0,en,1,0,0,0,0,-0.3,0.55,10329,9775,94897,1170
1,2022-01-30 18:52:01+00:00,Twitter for iPhone,0,en,1,0,0,0,0,0.625,0.5,29172,14318,246433,2811
1,2022-01-30 17:38:35+00:00,Twitter for iPhone,0,zxx,0,1,0,0,0,0.0,0.0,35662,17256,310405,2502
1,2022-01-30 08:26:30+00:00,Twitter for iPhone,0,zxx,0,1,0,0,0,0.0,0.0,34477,10144,388227,2533
1,2022-01-29 23:39:10+00:00,Twitter for iPhone,0,en,1,0,0,0,0,0.35,0.65,6461,10918,109110,853
1,2022-01-29 11:21:38+00:00,Twitter for iPhone,0,en,1,0,0,0,0,0.0,0.0,15879,23640,199588,2408
1,2022-01-29 06:48:49+00:00,Twitter for iPhone,0,zxx,0,1,0,0,0,0.0,0.0,23216,10860,215254,2459
